PABRIK,NAMA PRODUK, RETAIL ,KOMPOSISI,INDIKASI,GOLONGAN
ACTAVIS,Alpentin 100 mg tab 50's - ," 56,912 ",GABAPENTIN 100 MG,"Nyeri saraf (neuropatik), epilepsi",KERAS
ACTAVIS,Alpentin 300 mg tab 50's -," 89,557 ",GABAPENTIN 300 MG,"Nyeri saraf, epilepsi",KERAS
ACTAVIS,Dopamet 250 mg tab 100's -," 222,680 ",METHYLDOPA 250 MG,Hipertensi (terutama pada kehamilan),KERAS
ACTAVIS,Nitral 500 mcg tab 28's -," 77,645 ",GLYCERIL TRINITATE 500 MCG,Angina (nyeri dada akibat jantung),KERAS
ACTAVIS,"Tamsulosin 0,5 mg tab 30's -"," 93,760 ",GENERIK ACTAVIS,"Pembesaran prostat (BPH), gangguan buang air kecil",KERAS
ALTAMED,"Glove surgical pw 7,0 steril (sepasang) 1's -"," 4,200 ","pw 7,0 steril (sepasang) 1's",Bukan obat (alat medis),KERAS
BALATIF,Tifestan forte tab 100's -," 33,878 ",ASAM MEFENAMAT 500 MG,"Nyeri ringan–sedang (sakit gigi, haid, dll)",KERAS
BERLICO,Anacetine syr (new) 60 ml -," 9,400 ","ASETAMINOFEN 120 MG, GUAIFENESIN 25 MG, CTM 0,5 MG","Demam, batuk berdahak, alergi ringan",BEBAS
BERLICO,Berlosid syr 60 ml -," 8,689 ","AL HIDROKSIDA 200 MG, DIMETHICON 40 MG","Maag, asam lambung, kembung",BEBAS
BERLICO,Berlosid tab 100's -," 30,849 ","AL HIDROKSIDA 200 MG, DIMETHICON 40 MG","Maag, gastritis, kembung",BEBAS
BERLICO,Dehista kap 200's -," 23,690 ",KLORFENIRAMINE MALEAT 4 MG,"Alergi (gatal, pilek alergi)",KERAS
BERLICO,Dextaco tab 100's -," 22,106 ","DEKSLORFENIRAMIN MALEAT 2 MG, DEXAMETASON MICRONISED 0.5 MG","Alergi berat, peradangan",KERAS
BERLICO,Dolo licobion tab 100's -," 51,001 ","VIT B1 100 MG, VIT B6 200 MG, VIT B12 200 MCG","Neuropati, kekurangan vitamin B",BEBAS
BERLICO,Inflason 5 mg tab 200's -," 44,426 ",PREDNISONE 5 MG,"Peradangan, alergi, autoimun",KERAS
BERLICO,Licodexon 0.5 mg tab 200's -," 26,758 ","DEXAMETASON 0,5 MG","Peradangan, alergi berat",KERAS
BERLICO,Licokalk kapt 100's -," 22,980 ",KALSIUM LAKTAT 500 MG,Kekurangan kalsium,BEBAS
BERLICO,Licostan 500 mg tab 100's -," 31,135 ",ASAM MEFENAMAT 500 MG,Nyeri,KERAS
BERLICO,Potaflam 50 mg tab 100's -," 31,183 ",KALIUM DIKLOFENAK 50 MG,"Nyeri, inflamasi",KERAS
BERNOFARM,Acyclovir cr 5 gr -," 3,214 ",GENERIK BERNOFARM,Infeksi virus herpes,KERAS
BERNOFARM,Allupurinol 100 mg kapt 100's -," 16,657 ",GENERIK BERNOFARM,Asam urat,KERAS
BERNOFARM,Allupurinol 300 mg kapt 100's -," 48,789 ",GENERIK BERNOFARM,Asam urat,KERAS
BERNOFARM,Ambroxol 15 mg syr 60 ml -," 3,807 ",GENERIK BERNOFARM,Batuk berdahak,KERAS
BERNOFARM,Amlodipine 10 mg kapt 100's -," 28,263 ",GENERIK BERNOFARM,"Hipertensi, angina",KERAS
BERNOFARM,Amlodipine 5 mg kapt 100's -," 15,152 ",GENERIK BERNOFARM,Hipertensi,KERAS
BERNOFARM,Asam traneksamat 500 mg tab 100's -," 126,868 ",GENERIK BERNOFARM,"Perdarahan (haid berlebih, mimisan)",KERAS
BERNOFARM,Beneuron tab 100's -," 42,127 ","VIT B1 100 MG, VIT B6 200 MG, VIT B12 200 UG","Nyeri saraf, defisiensi vitamin B",BEBAS
BERNOFARM,Benodex 0.5 mg tab 100's -," 14,678 ",DEXAMETASON 0.5 MG,"Peradangan, alergi",KERAS
BERNOFARM,Benostamin kapt 100's -," 28,509 ","DEXAMETASON 0,5 MG, DEXCHLOPENIRAMINE MALEATE 2 MG",Alergi berat,KERAS
BERNOFARM,Benostan 500 mg kapt 100's -," 33,814 ",ASAM MEFENAMAT 500 MG,Nyeri,KERAS
BERNOFARM,Betahistine 6 mg tab 100's -," 18,367 ",GENERIK BERNOFARM,"Vertigo, gangguan keseimbangan",KERAS
BERNOFARM,"Betamethasone cr 0,1% 5 gr -"," 2,144 ",ACETYLCYSTEINE 200 MG,"Peradangan kulit, alergi kulit",KERAS
BERNOFARM,Biogastron tab 100's -," 30,902 ","AL HIDROKSIDA 400 MG, MG TRISILIKAT 400 MG, DIMETHYLPOLISILOXAN 30 MG","Maag, asam lambung",BEBAS
BERNOFARM,Broxal 30 mg tab 100's -," 20,355 ",AMBROXOL 30 MG,Batuk berdahak,KERAS
BERNOFARM,Cefixime 100 mg syr 30 ml -," 9,341 ",GENERIK BERNOFARM,Infeksi bakteri,KERAS
BERNOFARM,Cefixime 200 mg tab 30's -," 41,204 ",GENERIK BERNOFARM,Infeksi bakteri,KERAS
BERNOFARM,Cilostazol 100 mg tab 100's -," 446,906 ",GENERIK BERNOFARM,Gangguan sirkulasi darah,KERAS
BERNOFARM,Ciprofloxacin 500 mg kap 100's -," 51,748 ",GENERIK BERNOFARM,Infeksi bakteri,KERAS
BERNOFARM,Citicoline 500 mg tab 30's -," 97,680 ",GENERIK BERNOFARM,"Gangguan otak (stroke, kognitif)",KERAS
BERNOFARM,Clindamycin 300 mg kaps 100's -," 88,944 ",GENERIK BERNOFARM,Infeksi bakteri,KERAS
BERNOFARM,Clobetasol cr 5 gr -," 5,455 ",GENERIK BERNOFARM,Radang kulit berat,KERAS
BERNOFARM,Dexametason 0.5 mg tab 100's -," 9,333 ",GENERIK BERNOFARM,"Peradangan, alergi",KERAS
BERNOFARM,Diclofenac sodium 50 mg tab 100's -," 15,001 ",ACETYLSALICYLUC ACID 100 MG,"Nyeri, inflamasi",KERAS
BERNOFARM,Exovon 8 mg tab 100's -," 19,148 ",PARACETAMOL 60 MG,Nyeri ringan,KERAS
BERNOFARM,Fenaren tab 100's -," 23,003 ",NATRIUM DIKLOFENAK 50 MG,Nyeri,KERAS
BERNOFARM,Gabapentin 300 mg kap 100's -," 79,254 ",GENERIK BERNOFARM,"Nyeri saraf, epilepsi",KERAS
BERNOFARM,Garabiotic cr 15 gr -," 25,473 ",GENTAMICIN,Infeksi kulit bakteri,KERAS
BERNOFARM,Itraconazole 100 mg kapsul 30's -," 148,648 ",GENERIK BERNOFARM,Infeksi jamur,KERAS
BERNOFARM,Ketoprofen 100 mg tab 100's -," 67,642 ",GENERIK BERNOFARM,"Nyeri, inflamasi",KERAS
BERNOFARM,Ketorolac 10 mg tab 30's -," 34,024 ",GENERIK BERNOFARM,Nyeri sedang–berat,KERAS
BERNOFARM,Lansoprazole 30 mg kap 100's -," 59,813 ",GENERIK BERNOFARM,"Maag, GERD",KERAS
BERNOFARM,Levofloxacin 500 mg tab 100's -," 76,338 ",GENERIK BERNOFARM,Infeksi bakteri,KERAS
BERNOFARM,Lisinopril 10 mg tab 100's -," 58,879 ",GENERIK BERNOFARM,Hipertensi,KERAS
BERNOFARM,Mecobalamine 500 mg injeksi 10's -," 66,128 ",GENERIK BERNOFARM,"Neuropati, defisiensi vitamin B12",KERAS
BERNOFARM,Metformin 500 mg tab 100's -," 27,368 ",GENERIK BERNOFARM,Diabetes tipe 2,KERAS
BERNOFARM,Methylprednisolone 4 mg tab 100's -," 16,546 ",GENERIK BERNOFARM,Peradangan,KERAS
BERNOFARM,Methylprednisolone 8 mg tab 100's -," 32,402 ",GENERIK BERNOFARM,Peradangan,KERAS
BERNOFARM,Omberzol 20 mg tab 100's -," 51,188 ",OMEPRAZOLE 20 MG,"Maag, GERD",KERAS
BERNOFARM,Ondansetron 4 mg injeksi 10's -," 16,442 ",GENERIK BERNOFARM,Mual dan muntah,KERAS
BERNOFARM,Phenobiotic 500 mg kap 100's -," 122,585 ",THIAMPENICOL 500 MG,Infeksi bakteri,KERAS
BERNOFARM,Piracetam 1200 mg kap 100's -," 77,050 ",GENERIK BERNOFARM,Gangguan kognitif / fungsi otak,KERAS
BERNOFARM,Piracetam 800 mg kap 100's -," 56,030 ",GENERIK BERNOFARM,Gangguan kognitif / fungsi otak,KERAS
BERNOFARM,Polarist 2 mg tab 100's -," 17,555 ",DEXCHLOPHENIRAMINE MALEATE 2 MG,Alergi,KERAS
BERNOFARM,Rematof 100 mg tab 50's -," 35,165 ",KETOPROFEN 100 MG,"Nyeri, inflamasi",KERAS
BERNOFARM,Rifabiotic 450 mg tab 100's -," 468,975 ",RIFAMPICIN 450 MG,Infeksi bakteri (termasuk TBC),KERAS
BERNOFARM,Sidiadryl injeksi  10's -," 49,947 ",DIPHENHIDRAMIN HYDROCHLORIDE 150 MG,Alergi berat,KERAS
BERNOFARM,Sidiadryl syr 15 ml -," 8,701 ","BETAMETHASONE DIPROPIONATE 0,05%","Alergi, peradangan",KERAS
BERNOFARM,Simvastatin 10 mg tab 100's -," 16,441 ",GENERIK BERNOFARM,Hiperkolesterol,KERAS
BERNOFARM,Simvastatin 20 mg tab 100's -," 25,734 ",GENERIK BERNOFARM,Hiperkolesterol,KERAS
BERNOFARM,Sultrimix ds tab 100's -," 54,632 ","TRIMETHOPRIM 160 MG, SULFAMETHOXAZOLE 800 MG",Infeksi bakteri,KERAS
BUFA,Bufacaryl tab 100's -," 25,019 ","DEXAMETASON 0,5 MG, DEXCLOPHENIRAMINE MALEAT 2 MG","Alergi, peradangan",KERAS
BUFA,Bufacort n cr 5 gr - ," 7,808 ","Hidrokortison asetat 1% Neomisin sulfat 0,5%",Infeksi kulit + peradangan,KERAS
BUFA,Bufantacid forte syr 60 ml -," 10,405 ","NEOMISIN SULFAT 0,5%, HYDROKORTISON ASETAT 1%
AL HIDROKSIDA 400 MG, MAGNESIUM HYDROXIDE 400 MG, SIMETICONE 50 MG","Maag, asam lambung",KERAS
BUFA,Ekacetol syr 60 ml -," 5,792 ",PARACETAMOL 120 MG,Demam,BEBAS
BUFA,New astar cr 15 gr -," 11,128 ","ASAM UDESILENAT 3%, SULFUR 3%, DIFENHDIRAMIN HCI 2%",Infeksi jamur kulit,KERAS
CAPLANG,Balsem otot geliga 40 40 gr -," 15,657 ",Balsem otot,Nyeri otot,BEBAS
CAPLANG,Gosok pijat urut cair jahe 60 60 ml -," 13,686 ",Gosok pijat urut cair jahe 60,Pegal otot,BEBAS
CAPLANG,Gosok pijat urut cair sereh 30 30 ml -," 8,060 ",Gosok pijat urut cair sereh 30,Pegal otot,BEBAS
CAPLANG,Minyak angin caplang 12 12 ml -," 15,748 ",Minyak angin caplang 12,Masuk angin,BEBAS
CAPLANG,Minyak angin caplang 24 24 ml -," 30,454 ",Minyak angin caplang 24,Masuk angin,BEBAS
CAPLANG,Minyak angin caplang 6 6 ml -," 8,612 ",Minyak angin caplang 6,Masuk angin,BEBAS
CIUBROS CITO,Salep 2-4 15 gr 15 gr -," 4,111 ","ASAM SALSILAT 0,02 GR, SULFUR 0,04 GR",Penyakit kulit,BEBAS
COMBIPHAR,"Insto eye drops  7,5 ml -"," 14,439 ","TETRAHYDROZOLINE HCL 0.05% W/V, BENZALKONIUM CL 0.01% W/V",Iritasi mata merah,BEBAS
COMBIPHAR,Peditox  50 ml -," 10,508 ","EKSTRAK SUCCUS LIQUIRITOAE 167 MG, AMMONIUM CHLORIDE 50 MG, ANISE OIL 1 MG, AMMONIUM LIQUID 7 MCL, MENTHOL CRYSTAL 4,44 MG, PEPPERMINT OIL 3,16 MG, ALCOHOL 2%",Batuk,BEBAS
CORONET,Demacolin tab 100's -," 52,900 ","PARACETAMOL 500 MG, PSEUDOEPHEDRINE HCI HCL 7,5 MG, CTM 2 MG.",Flu,BEBAS
CORSA,Dermaral cr 10 gr -," 8,625 ",KETOCONAZOLE 2%,Infeksi jamur kulit,KERAS
CORSA,Skilone cr 10 gr -," 9,200 ","BETAMETHASONE 1 MG, GENTAMISIN 1 MG",Infeksi kulit,KERAS
DARYA VARIA,Super tetra 250 mg kaps 120's -," 167,466 ",TETRACYCLINE 250 MG,Infeksi bakteri,KERAS
DEXA,Acarbose 50 mg tab 100's -," 65,812 ",GENERIK DEXA,Diabetes tipe 2,KERAS
DEXA,Acetylcysteine 200 mg kapsul 100's -," 59,579 ",GENERIK DEXA,Batuk berdahak,KERAS
DEXA,Amlodipine 10 mg tab 100's -," 44,275 ",GENERIK DEXA,Hipertensi,KERAS
DEXA,Amlodipine 5 mg tab 100's -," 16,100 ",GENERIK DEXA,Hipertensi,KERAS
DEXA,Atorvastatin 20 mg tab 100's -," 76,275 ",GENERIK DEXA,Hiperkolesterol,KERAS
DEXA,Betahistine mesilate 6 mg tab 100's -," 21,645 ",GENERIK DEXA,Vertigo,KERAS
DEXA,"Bisoprolol 2,5 mg tab 100's -"," 22,976 ",AMLODIPINE 5 MG,Hipertensi,KERAS
DEXA,Bisoprolol 5 mg tab 30's -," 8,750 ",GENERIK DEXA,Hipertensi,KERAS
DEXA,Candesartan 16 mg tab 30's -," 18,203 ",GENERIK DEXA,Hipertensi,KERAS
DEXA,Candesartan 8 mg tab 30's -," 12,000 ",GENERIK DEXA,Hipertensi,KERAS
DEXA,"Captopril 12,5 mg tablet 100's -"," 9,922 ",GENERIK DEXA,Hipertensi,KERAS
DEXA,Captopril 25 mg tab 100's -," 11,989 ",GENERIK DEXA,Hipertensi,KERAS
DEXA,Captopril 50 mg tab 100's -," 22,115 ",GENERIK DEXA,Hipertensi,KERAS
DEXA,Ceftriaxone 1 gr injeksi 10's -," 63,437 ",GENERIK DEXA,Infeksi bakteri berat,KERAS
DEXA,Cetirizine 10 mg tab 60'S -," 14,092 ",GENERIK DEXA,Alergi,KERAS
DEXA,Clindamycin 150 mg kaps 100's -," 76,342 ",GENERIK DEXA,Infeksi bakteri,KERAS
DEXA,Diltiazem 30 mg tab 100's -," 20,236 ",GENERIK DEXA,Gangguan jantung,KERAS
DEXA,Glimeperide 2 mg tab 100's -," 21,275 ",GENERIK DEXA,Diabetes tipe 2,KERAS
DEXA,Glimeperide 3 mg tab 100's -," 25,990 ",GENERIK DEXA,Diabetes tipe 2,KERAS
DEXA,Glimeperide 4 mg tab  100's -," 29,582 ",GENERIK DEXA,Diabetes tipe 2,KERAS
DEXA,Irbesartan 300 mg tablet 50's -," 134,921 ","SALBUTAMOL 1 MG, THEOPHYLINE 150 MG",Hipertensi,KERAS
DEXA,Ketoconazole 2% cr 10 gr -," 5,577 ",GENERIK DEXA,Infeksi jamur kulit,KERAS
DEXA,Ketoconazole 200 mg tab  50's -," 24,150 ",GENERIK DEXA,Infeksi jamur,KERAS
DEXA,Lisinopril 10 mg tab 100's -," 56,444 ",GENERIK DEXA,Hipertensi,KERAS
DEXA,Lisinopril 5 mg tab 100's -," 35,873 ",GENERIK DEXA,Hipertensi,KERAS
DEXA,Meloxicam 15 mg tab 100's -," 35,595 ",GENERIK DEXA,Nyeri,KERAS
DEXA,Metformin 500 mg tab 100's -," 19,582 ",GENERIK DEXA,Diabetes tipe 2,KERAS
DEXA,Metformin 850 mg tab 100's -," 42,184 ",GENERIK DEXA,Diabetes tipe 2,KERAS
DEXA,Methylprednisolone 4 mg tab 100's -," 18,880 ",GENERIK DEXA,Peradangan,KERAS
DEXA,Methylprednisolone 8 mg tab 100's -," 45,820 ",GENERIK DEXA,Peradangan,KERAS
DEXA,Neurodex tab 200's -," 84,357 ","VIT B1 100 MG, VIT B6 200 MG, VIT B12 200 MCG",Neuropati,BEBAS
DEXA,Nifedipine 10 mg tab 100's -," 17,250 ",GENERIK DEXA,Hipertensi,KERAS
DEXA,Omeprazole 20 mg kaps 100's -," 46,035 ",GENERIK DEXA,Maag,KERAS
DEXA,Ondansetron 8 mg injeksi 5's -," 21,312 ",GENERIK DEXA,Mual muntah,KERAS
DEXA,Pirocam 20 mg tab (box) 100's -," 20,527 ",PIROXICAM 20 MG,Nyeri,KERAS
DEXA,Primadex forte tab 100's -," 56,500 ","TRIMETHOPRIM 160 MG, SULFAMETHOXAZOLE 800 MG",Infeksi bakteri,KERAS
DEXA,Propanolol 10 mg tab  100's -," 9,932 ",GENERIK DEXA,Hipertensi,KERAS
DEXA,Propanolol 40 mg tab  100's -," 15,607 ",GENERIK DEXA,Hipertensi,KERAS
DEXA,Propylthiouracil (ptu) 100 mg tab 100's -," 57,102 ",GENERIK DEXA,Hipertiroid,KERAS
DEXA,Ramipril 10 mg tab 100's -," 78,757 ",GENERIK DEXA,Hipertensi,KERAS
DEXA,"Ramipril 2,5 mg tab 100's -"," 30,192 ",GENERIK DEXA,Hipertensi,KERAS
DEXA,Ramipril 5 mg tab 100's -," 36,428 ",GENERIK DEXA,Hipertensi,KERAS
DEXA,Simvastatin 10 mg tab 100's -," 36,729 ",GENERIK DEXA,Hiperkolesterol,KERAS
DEXA,Spironolactone 100 mg tab 100's -," 74,899 ",GENERIK DEXA,Edema,KERAS
DEXA,Spironolactone 25 mg tab 100's -," 30,700 ",GENERIK DEXA,Edema,KERAS
DEXA,Sucralfate syr 500 mg 100 ml -," 12,201 ",GENERIK DEXA,Maag,KERAS
DEXA,Teosal tab 100's -," 17,109 ","SALBUTAMOL 1 MG, THEOPHYLINE 150 MG",Asma,KERAS
DEXA,Triamcinolone 4 mg tab 100's -," 67,552 ",GENERIK DEXA,Peradangan,KERAS
DEXA,Triamcinolone acetonide 10 mg injeksi 10 ml -," 37,455 ",GENERIK DEXA,Peradangan,KERAS
DIPA,Atorvastatin 20 mg tab 100's -," 62,604 ",GENERIK BERNOFARM,Hiperkolesterol,KERAS
DIPA,Rosuvastatin 10 mg tab 100's -," 87,912 ",GENERIK DIPA,Hiperkolesterol,KERAS
ERELA,Aflucaps pe kapt 100's -," 48,870 ",PYRANTEL PAMOATE 125 MG,Cacingan,BEBAS
ERELA,Alletrol salep mata 5 gr -," 12,599 ","DEXAMETASON 1 MG, NEOMICIN SULFATE 3,5 MG, POLYMIXIN B SULFATE 6.000 IU",Infeksi mata,KERAS
ERELA,Alletrol tetes mata 5 ml -," 17,035 ","DEXAMETASON NA FOSPAT 0,1%",Peradangan mata,KERAS
ERELA,Cavicur dha 60 ml -," 14,859 ","VIT.A 850 IU, VIT.B1 3 MG, VIT.B2 1,5 MG, VIT.B6 0,5 MG, VIT.B12 5 MCG,Ca.PANTOTHENATE 5 MG,Ca.GLYCEROPHOSPHATE 100 MG,CURCUMA
XANTHORRHIZA EXTRACT 10 MG.VIT,D 100 IU,COD LIVE ROIL 2,5 MG, DHA 10 mg, PREBIOTIK 500 MG",Suplemen,BEBAS
ERELA,Cavicur syr 60 ml -," 11,139 ","VIT.A 850 IU, VIT.B1 3 MG, VIT.B2 1,5 MG, VIT.B6 0,5 MG, VIT.B12 5 MCG,Ca.PANTOTHENATE 5 MG,Ca.GLYCEROPHOSPHATE 100 MG,CURCUMA XANTHORRHIZA EXTRACT 10 MG.VIT,D 100 IU,COD LIVE ROIL 2,5 MG",Suplemen,BEBAS
ERELA,Cavicur tablet salut 100's -," 59,007 ",CURCUMA XANTHORRIZA EXTRACT 20 MG,Suplemen herbal,BEBAS
ERELA,Caviplex bone tab 30's -," 26,862 ","VIT D3 500 IU, KALSIUM 500 MG, MAGNESIUM 175 MG, ZINC 15 MG",Kesehatan tulang,BEBAS
ERELA,Caviplex cdez kap (box) 100's -," 110,566 ","VIT C DC 97% 500 MG, VIT D3 400 IU, VIT E 10 MG, ZN 10 MG",Suplemen,BEBAS
ERELA,Caviplex d3 4000 iu tab 30's -," 14,858 ",VITAMIN D3 4000 IU,Kekurangan vitamin D,BEBAS
ERELA,Caviplex gummy tab 10's -," 38,462 ","TRETINOIN 0,05%",Perawatan kulit,BEBAS
ERELA,Caviplex kaplet salut gula 100's -," 65,812 ","VIT A 4000 IU, VIT D 400 IU, VIT B1 3 MG, VIT B6 4 MG, VIT B2 3 MG, VIT B12 12 MCG, VIT C 75 MG, VIT B3 20 MG, CA-PA 5 MG, VIT E 10 MG, BIO 0,1 MG, ACID F ACID 1 MG, FE FU 135 MG, ACID G 50, CA 100, MG CO3 87,5, ZN 15, CU 0,5, MN 0,5, FL 0,5, IOD 0,15",Multivitamin,BEBAS
ERELA,Caviplex mom (strip - box) 100's -," 85,514 ",GENERIK MEGA,Suplemen ibu hamil,BEBAS
ERELA,Ceteem 4 mg kaps 100's -," 33,361 ",CHLORPHENAMINE MALEATE 4 MG,Alergi,KERAS
ERELA,Enbatic cr 10 gr -," 8,944 ","Zn BACITRACIN 500 IU,NEOMISIN SULFAT 5 MG",Infeksi kulit,KERAS
ERELA,Enbatic plus cr 10 gr -," 19,519 ","BACITRACIN ZINC 500 IU, NEOMISIN SULFAT 5 MG, POLYMYXIN B SULFATE 5000 IU",Infeksi kulit,KERAS
ERELA,Enbatic powder 36's -," 99,212 ","Zn BACITRACIN 250 IU,NEOMISIN SULFAT 5 MG (1 SACHET = 3 GR)",Infeksi kulit,KERAS
ERELA,Erladerm cr  5 gr -," 4,702 ",BETAMETHASONE VALERATE 1 MG,Peradangan kulit,KERAS
ERELA,Erladerm g cr 5 gr -," 5,678 ","BETAMETHASONE 1 MG, GENTAMICIN SULFATE 1 MG",Infeksi + peradangan,KERAS
ERELA,Erladerm-n cr salep kulit 5 gr -," 4,694 ","BETAMETHASONE -17 VALERATE 1 MG, NEOMISIN SULFAT 5 MG",Infeksi + peradangan,KERAS
ERELA,Erlaflu syrup 60 ml -," 8,261 ","PARACETAMOL 120 MG,EPHEDRINE HYDROCHLORIDE 2,5 MG, CTM 1 MG, GUAIFENESIN 50 MG",Flu,BEBAS
ERELA,Erlagin kap 100'S -," 64,994 ","PARACETAMOL 500 MG, VIT B1 50 MG, VIT B6 100 MG, VIT B12 100 MCG",Nyeri,BEBAS
ERELA,Erlamol drops 15 ml -," 9,760 ",PARACETAMOL 100 MG,Demam bayi,BEBAS
ERELA,Erlamol forte 650 mg tab 100's -," 33,476 ",PARACETAMOL 650 MG,Demam,BEBAS
ERELA,Erlamol syrup 60 ml -," 5,871 ",PARACETAMOL 120 MG,Demam anak,BEBAS
ERELA,Erlamol tablet 100's -," 26,402 ",PARACETAMOL 500 MG,Demam,BEBAS
ERELA,"Erlamycetin salep mata 3,5 gr -"," 10,292 ",CHLORAMPHENICOL 1%,Infeksi mata,KERAS
ERELA,Erlamycetin tetes mata 10 cc -," 10,571 ",CHLORAMPHENICOL 1%,Infeksi mata,KERAS
ERELA,Erlamycetin tetes mata plus 10 cc -," 14,222 ","CHLORAMPHENICOL BASE 5%, DEXAMETASON SODIUM PHOSPATE 1 MG",Infeksi mata + peradangan,KERAS
ERELA,Erlamycetin tetes telinga 10 cc -," 10,470 ",CHLORAMPHENICOL 1%,Infeksi telinga,KERAS
ERELA,Erlaneo hydrocort krim 5 gr -," 6,566 ","NEOMISIN SULFAT 0,5%, HIDROKORTISON ASETAT 1%",Infeksi + peradangan,KERAS
ERELA,Erlapect syrup 60 ml -," 6,461 ",AMBROXOL 15 MG,Batuk berdahak,KERAS
ERELA,Erlapect tablet 100's -," 22,146 ",AMBROXOL 30 MG,Batuk berdahak,KERAS
ERELA,Erlapur 100 mg tablet 100's -," 27,682 ",ALLUPURINOL 100 MG,Asam urat,KERAS
ERELA,Erlapur 300 mg tab 100's -," 57,228 ",ALLUPURINOL 300 MG,Asam urat,KERAS
ERELA,Erlatiz spray 30 30 ml -," 18,511 ",TIMOLOL 5 MG,Glaukoma,KERAS
ERELA,Erlatiz spray 55 55 ml -," 25,641 ",-,Gangguan mata,KERAS
ERELA,Ermuno kaplet salut 30's -," 32,917 ",ECHINACEA EXTRACT 250 MG,Daya tahan tubuh,BEBAS
ERELA,Fermia tablet salut 100's -," 28,893 ","FE FUMARAT 60 MG, ASAM FOLAT 0,25 MG, VIT B6 37,5 MG",Anemia,BEBAS
ERELA,Gasela tablet salut 100's -," 28,263 ",RANITIDIN 150 MG,Maag,KERAS
ERELA,Gen oint krim salep kulit 15 gr -," 5,276 ",GENTAMISIN SULFAT 1 MG,Infeksi kulit,KERAS
ERELA,"Gen oint salep mata 0,3% 3,5 gr -"," 10,292 ",GENTAMISIN SULFAT 3%,Infeksi mata,KERAS
ERELA,Iafed syrup 60 ml -," 9,518 ","DEXCHLOPHENIRAMINE MALEATE 2 MG, GG 100 MG, PSEUDOEPHEDRINE 30 MG",Flu,KERAS
ERELA,Iafed tablet 100's -," 40,635 ","DEXCHLOPHENIRAMINE MALEATE 2 MG, GG 100 MG, PSEUDOEPHEDRINE 30 MG",Flu,KERAS
ERELA,Kaotin syrup  60 ml -," 8,098 ","KAOLIN 985 MG, PECTIN 22 MG",Diare,KERAS
ERELA,Kolicgon tab 100's -," 96,665 ","HYOSINE N BUTYLBROMIDE 10 MG, PARACETAMOL 500 MG",Nyeri perut,KERAS
ERELA,Lacyvir krim 5 gr -," 6,388 ",ACYCLOVIR 50 MG,Herpes,KERAS
ERELA,Lafen 50 mg tab 100's -," 23,209 ",DICLOFENAC SODIUM 50 MG,Nyeri,KERAS
ERELA,Leflox 500 mg tab 50's -," 49,022 ",LEVOFLOXACIN 500 MG,Infeksi bakteri,KERAS
ERELA,Maaggel syrup 60 ml -," 8,033 ","CALCIUM CARBONATE 500 MG,MAGNESIUM TRISILICATE 250 MG, DIMETHYLPOLYSILOXAN 40 MG",Maag,KERAS
ERELA,Menadiol diacetate (vitamin k 10 mg) tab 100's -," 21,310 ",GENERIK ERELA,Vitamin K,KERAS
ERELA,Mesola 4 mg tab 100's -," 32,688 ",METHYLPREDNISOLONE 4 MG,Peradangan,KERAS
ERELA,Mixalgin kaplet salut 100's -," 57,827 ","METAMPIRON 500 MG, VIT B1 50 MG, VIT B6 10 MG, VIT VIT B12 10 MCG, TRIMETHYLXANTHINE 50 MG",Nyeri,KERAS
ERELA,Narmig tablet 50's -," 10,736 ",CINNARIZINE 25 MG,Vertigo,KERAS
ERELA,Paracetine syr 60 ml -," 6,564 ","PARACETAMOL 120 MG, PHENYLEPHRINE HCI 2,5 MG, DMP 2,5 MG, CTM 0,5 MG",Flu,BEBAS
ERELA,Parazon kapt 100's -," 64,447 ","PARACETAMOL 250 MG, PROPYPHENAZONE 150 MG, CAFFEINE 50 MG",Nyeri,BEBAS
ERELA,Pizolon cr 5 gr -," 8,873 ",GENERIK TRIMAN,Peradangan kulit,KERAS
ERELA,Relaxon 50 mg tab 50's -," 33,826 ",EPERISONE 50 MG,Kejang otot,KERAS
ERELA,Repass syr 60 ml -," 7,009 ","PARACETAMOL 500 MG, PHENYLEPRINE 10 MG, CTM 2 MG",Flu,KERAS
ERELA,Sominal tab 100's -," 22,572 ",DIPHENHIDRAMIN HCI 25 MG,Alergi,KERAS
ERELA,Tasdiar tab 100's -," 11,876 ",LOPERAMID 2 MG,Diare,KERAS
ERELA,Trisela tablet 50 's -," 14,640 ",CETIRIZINE 10 MG,Alergi,KERAS
ERELA,Vertilon tablet 50's -," 25,159 ",FLUNARIZIN HCI 5 MG,Vertigo,KERAS
ERELA,Visela kaplet 100's -," 12,776 ","ASAM FOLAT 400 MCG, VIT B6 6 MG, VIT B12 25 MCG",Kekurangan vitamin,KERAS
ERELA,Vola 10 mg tab 100's -," 20,904 ",DOMPERIDON 10 MG,Mual muntah,KERAS
ERLIMPEX,Biomag mps (tab kunyah) 100's -," 36,188 ","AL HIDROKSIDA 400 MG, MAGNESIUM HYDROXYDA 400 MG, METIL POLISILOXAN AKTIF 50 MG",Maag,BEBAS
ERLIMPEX,Codecon kaps 100's -," 56,624 ","DMP 15 MG, PHENYLPROPANOLAMINE 12,5 MG, GUAIFENESIN 100 MG",Batuk,KERAS
ERLIMPEX,Denicam 20 mg kapsul 100's -," 32,329 ",PIROXICAM 20 MG,Nyeri,KERAS
ERLIMPEX,Dextem plus tablet 100's -," 28,480 ","DEKSLORFENIRAMIN MALEAT 2 MG, DEXAMETASON MICRONISED 0.5 MG",Alergi,KERAS
ERLIMPEX,"Ermethasone 0,5 mg tab 100's -"," 9,546 ","DEXAMETASON 0,5 MG",Peradangan,KERAS
ERLIMPEX,"Ermethasone 0,75 mg tab 100's -"," 11,978 ","DEXAMETASON 0,75 MG",Peradangan,KERAS
ERLIMPEX,Erphacyp kaplet salut 100's -," 22,504 ",CYPROHEPTADINE HCL 4 mg,Nafsu makan,KERAS
ERLIMPEX,Erphaflam tablet 50's -," 15,882 ",DICLOFENAC POTTASIUM 50 MG,Nyeri,KERAS
ERLIMPEX,Erphahexin tablet 100's -," 15,936 ",BROMHEXINE 8 MG,Batuk,BEBAS
ERLIMPEX,Erphamazol cr 5 gr -," 5,569 ",CLOTRIMAZOLE 1%,Infeksi jamur,KERAS
ERLIMPEX,Erphamol kaplet 100's -," 33,839 ",PARACETAMOL 500 MG,Demam,BEBAS
ERLIMPEX,Erphasal syr 60 ml -," 21,926 ","SALBUTAMOL 2 MG, GUAIFENESIN 75 MG",Sesak napas,KERAS
ERLIMPEX,Ersolon 4 mg tablet 100's -," 45,357 ",METHYLPREDNISOLONE 4 MG,Peradangan,KERAS
ERLIMPEX,Fe bion kapsul 30's -," 14,874 ","FE 250 MG, MANGANESE SULFATE 0,2MG, COPPER SULFATE 0,2 MG, VIT C 50 MG, FOLIC ACID 0,4 MG, VIT B12 7,5 MCG, SORBITOL 25 MG",Anemia,BEBAS
ERLIMPEX,Imodiar tablet 100's -," 24,750 ",LOPERAMID 2 MG,Diare,KERAS
ERLIMPEX,Lorihis syrup 60 ml -," 9,689 ",LORATADIN 5 MG,Alergi,KERAS
ERLIMPEX,Lorihis tablet 50's -," 17,461 ",LORATADIN 10 MG,Alergi,KERAS
ERLIMPEX,Mycazol krim 5 gr -," 7,535 ",KETOCONAZOLE 2%,Infeksi jamur,KERAS
ERLIMPEX,Neo erphavitalgin kap 100's -," 62,985 ","METAMIZOLE SODIUM 500 MG, VIT B1 50 MG, VIT B6 100 MG, VIT B12 100 MCG",Nyeri,KERAS
ERLIMPEX,Neo vedrin drop 10 ml -," 18,841 ","PSEUDOEPHEDRINE 7,5 MG",Pilek,KERAS
ERLIMPEX,Nocandis drop 15 ml -," 34,199 ",NYSTATIN 100.000 IU,Infeksi jamur,KERAS
ERLIMPEX,Ogb bromhexine hci 8 mg tab 100's -," 9,272 ",GENERIK ERLIMPEX,Batuk,KERAS
ERLIMPEX,Paranervion kaplet 100's -," 89,339 ","PARACETAMOL 500 MG, VIT B1 50 MG, VIT B6 100 MG, VIT B12 100 MCG",Neuropati,BEBAS
ERLIMPEX,Prenatal tab (btl) 30's -," 26,190 ","VIT A 4.000 IU, VIT D 400 IU, VIT B1 2 MG, VIT B2 2 MG, VIT B6 2 MG, VIT B12 2 MCG, VIT C 500 MG, NIANICAMIDE 10 MG, FOLIC ACID 1 MG, KALSIUM CARBONATE 600 MG, FERRO 50 MG, IODINE 0,15 MG",Kehamilan,KERAS
ERLIMPEX,Psoriderm cr 5 gr -," 7,134 ","CLOBETASOL PROPIONAT 0,5 MG",Penyakit kulit,KERAS
ERLIMPEX,Salgen ointment 15 gr 15 gr -," 6,050 ",GENTAMISIN SULFAT 1 MG,Infeksi kulit,KERAS
ERRITA,Allupurinol 300 mg tab 30's -," 12,512 ",GENERIK ERRITA,Asam urat,KERAS
ERRITA,Ambroxol 30 mg tab 100's -," 10,120 ",GENERIK ERRITA,Batuk,KERAS
ERRITA,Asam mefenamat 500 mg 100's -," 18,457 ",GENERIK ERRITA,Nyeri,KERAS
ERRITA,Captopril 25 mg tab 100's -," 9,200 ",GENERIK ERRITA,Hipertensi,KERAS
ERRITA,Cotrimoxazole 480 mg tab 100's -," 23,869 ",GENERIK ERRITA,Infeksi bakteri,KERAS
ERRITA,Etabion kaps 100's -," 25,392 ","FERRO GLUKONAT 250 MG, VIT C 50 MG, ASAM FOLAT 1 MG, VIT B12 7,5 MCG. CUPRI SULFAT 0,2 MG, MANGAN SULFAT 0,2 MG, SORBITOL 25 MG",Anemia,BEBAS
ERRITA,"Etadex 0,5 mg tab 200's -"," 21,598 ","DEXAMETASON 0,5 MG",Peradangan,KERAS
ERRITA,Etafen 400 mg kapt 100's -," 27,866 ",IBUPROFEN 400 MG,Nyeri,KERAS
ERRITA,Etaflusin tab 100's -," 31,904 ","PARACETAMOL 500 MG, GUAIFENESIN 100 MG, CHLORPHENIRAMINE MALEATE ATAU CTM 2 MG, PHENYLEPHRINE HCL 5 MG",Flu,KERAS
ERRITA,Etalium 10 mg tab 100's -," 18,591 ",DOMPERIDON 10 MG,Mual,KERAS
ERRITA,Etamox 125 mg syr 60 ml -," 6,233 ",AMOXICILLIN 125 MG,Infeksi bakteri,KERAS
ERRITA,"Hydrocortisine 2,5% cr 10 gr -"," 6,486 ",GENERIK ERRITA,Peradangan kulit,KERAS
ERRITA,Omeprazole 20 mg kaps 30's -," 8,282 ",GENERIK ERRITA,Maag,KERAS
ERRITA,Salbutamol 2 mg tab 100's -," 26,546 ",GENERIK ERRITA,Asma,KERAS
ESCOLAB,Suvesco 20 mg kapt 20's -," 61,272 ",ROSUVASTATIN 20 MG,Kolesterol,KERAS
FAHRENHEIT,Callusol (kutil) 10 ml -," 29,715 ","ASAM SALSILAT 0,02 GR, ASAM LAKTAT 0,05 G, POLIDOCANOL 0,02 G",Kutil,KERAS
FAHRENHEIT,Gludepatic 500 mg tab 100's -," 31,900 ",METFORMIN 500 MG,Diabetes,KERAS
FAHRENHEIT,Renabetic tab 100's -," 25,300 ",GLIBENCLAMID 5 MG,Diabetes,KERAS
FAHRENHEIT,Yrins 1 box isi 2 btl (@12 ml) + applicator 1's -," 17,545 ",CALCIUM CARBONATE 500 MG,Maag,KERAS
FUTAMED,Furosemide 40 mg tab 100's -," 29,499 ",GENERIK FM ,Edema,KERAS
FUTAMED,Acnacare plus softcaps 30's -," 136,812 ",APHANIZOMENON FLOS-AQUAE 320 MG,Suplemen,BEBAS
FUTAMED,Axamed plus kaps 30's -," 219,729 ",VERISOL B (COLLAGEN HYDROLYSATE) 2500 MG ,Suplemen kulit,BEBAS
GALENIUM,Blacksoap black cleansing bar 60 gr -," 13,650 ",,Pembersih kulit,BEBAS
GALENIUM,Jf anti acne facial foam 70 gr -," 10,187 ",,Jerawat,BEBAS
GALENIUM,Jf sulfur anti acne cleanser bar 90 gr -," 9,843 ","ACTIVE SULFUR, SALICYLIC ACID",Jerawat,BEBAS
GALENIUM,Laxadine emulsi 110 110 ml -," 58,068 ","PHENOLPHTALEIN 56 MG, PARAFFIN LIQ 1200 MG, GLYCERIN 736 MG",Pencahar,BEBAS
GALENIUM,Topsy 5 gr 5 gr -," 47,728 ","LIDOCAINE 2,5%, PRILOCAINE 2,5%",Anestesi lokal,KERAS
GMP,Reco ear drops 10 ml -," 8,582 ","CHLORAMPHENICOL 0,5%",Infeksi telinga,KERAS
GMP,Reco eye drops 10 ml -," 9,324 ","CHLORAMPHENICOL 0,5%",Infeksi mata,KERAS
GMP,Reco salep mata 5 gr -," 6,675 ",CHLORAMPHENICOL 1%,Infeksi mata,KERAS
GMP,Recodryl 15 ml injeksi 10's -," 58,874 ",DIPHENHIDRAMIN 10 MG,Alergi,KERAS
GMP,Vitamin b komplex injeksi 20 ml 10's -," 119,276 ",VITAMIN B KOMPLEX,Vitamin B,KERAS
GRAHA,Flamigra 50 mg tab 50's -," 11,972 ",KALIUM DIKLOFENAK 50 MG,Nyeri,KERAS
GRAHA,Floxigra tab 100's -," 60,255 ",CIPROFLOXACIN 500 MG,Infeksi bakteri,KERAS
GRAHA,Flucadex pe flu & batuk tidak berdahak kapt 100's -," 33,920 ",flu & batuk tidak berdahak,Flu,BEBAS
GRAHA,Flucadex syr 60 ml -," 15,149 ","ASETAMINOFEN 500 MG, GG 50 MG, FENILPROPANOLAMIN HCI 15 MG, DMP 15 MG, CTM 1 MG",Flu berdahak,BEBAS
GRAHA,Flucadex tab 100's -," 56,895 ","ASETAMINOFEN 500 MG, GG 50 MG, FENILPROPANOLAMIN HCI 15 MG, DMP 15 MG, CTM 1 MG",Flu,BEBAS
GRAHA,Grafachlor tab 100's -," 18,975 ","DEXAMETASON 0,5 MG, DEXCLOPHENIRAMINE MALEAT 2 MG",Alergi,KERAS
GRAHA,Grafadon 160 mg syr 60 ml -," 8,049 ",ACETAMINOPHEN 160 MG,Demam,KERAS
GRAHA,Grafadon 500 mg tab 100's -," 29,829 ",ACETAMINOPHEN 500 MG,Demam,KERAS
GRAHA,Grafalin 2 mg tab 100's -," 16,598 ","SALBUTAMOL 2 MG,",Asma,KERAS
GRAHA,Grafamic 500 mg kap 100's -," 34,932 ",ASAM MEFENAMAT 500 MG,Nyeri,KERAS
GRAHA,Grafazole 500 mg tab 100's -," 35,650 ",METRONIDAZOLE 500 MG,Infeksi bakteri,KERAS
GRAHA,Grahabion kap 100's -," 49,920 ","VIT B1 100 MG, VIT B6 200 MG, VIT B12 200 MCG",Neuropati,BEBAS
GRAHA,Grasolon 4 mg tab 50's -," 15,699 ",METHYLPREDNISOLONE 4 MG,Peradangan,KERAS
GRAHA,Gratheos 50 mg tab 100's -," 22,426 ",NATRIUM DIKLOFENAK 50 MG,Nyeri,KERAS
GRAHA,Graxine tab 100's -," 25,293 "," BROMHEXINE 8 MG, GLISERIL GUIACOLAT 100 MG,",Batuk,BEBAS
GRAHA,Grazeo 10 mg tab 100's -," 17,440 ",PIROXICAM 10 MG,Nyeri,KERAS
GRAHA,Grazeo 20 mg tab 100's -," 22,425 ",PIROXICAM 20 MG,Nyeri,KERAS
GRAHA,Infalgin 500 mg tab 100's -," 31,664 ",METAMPIRON 500 MG,Nyeri,KERAS
GRAHA,Melogra 7.5 mg tab 30's -," 15,289 ","MELOXICAM 7.5 MG,",Nyeri,KERAS
GRAHA,Norpid 20 mg tab 30'S -," 15,958 ",SIMVASTATIN 20 MG,Kolesterol,KERAS
GRAHA,Vosea syr 30 ml -," 2,970 ",METOKLOPRAMID 5 MG,Mual,KERAS
GRAHA,Vosea tab 100's -," 22,288 ",METOKLOPRAMID 10 MG,Mual,KERAS
GSK,Actifed plus cough (merah) 60 ml -," 58,629 ","PSEUDOEPHEDRINE 30 MG, TRIPOLIDINE HCL 1.25 MG, DMPHBR 10 MG",Flu,BEBAS
GSK,Actifed plus expect (hijau) 60 ml -," 58,629 ","PSEUDOEPHEDRINE 30 MG, TRIPOLIDINE HCL 1.25 MG, GUANIFENESIN 100 MG",Flu berdahak,BEBAS
GSK,Actifed syr (kuning) 60 ml -," 58,629 ","PSEUDOEPHEDRINE HCL 30 MG, TRIPROLIDINE 1.25 MG.",Flu,BEBAS
GSK,Panadol caplet (biru) 100's -," 106,294 ",PARACETAMOL 500 MG,Demam,BEBAS
GSK,Panadol cold & flu 100's -," 174,701 ","PARACETAMOL 500 MG, PSEUDOEPHEDRINE HCL 30 MG, DMP 15 MG",Flu,BEBAS
GSK,Panadol extra cap (merah) 100's -," 120,503 ","PARACETAMOL 500 MG, CAFFEINE 65 MG",Nyeri,BEBAS
HARSEN,Decadryl exp 120 ml syr 120 ml -," 28,981 ","DIPHENHIDRAMIN HCI 13,5 MG, AMMONIUM CHLORIDE 131,5 MG",Batuk,BEBAS
HARSEN,Decadryl exp 60 ml syr 60 ml -," 15,747 ","DIPHENHIDRAMIN HCI 13,5 MG, AMMONIUM CHLORIDE 131,5 MG",Batuk,BEBAS
HARSEN,"Dexaharsen 0,5 mg tab 200's -"," 40,981 ","DEXAMETASON 0,5 MG",Peradangan,KERAS
HARSEN,"Dexaharsen 0,75 mg tab 200's -"," 44,121 ","DEXAMETASON 0,75 MG",Peradangan,KERAS
HARSEN,Lopamid 2 mg tab 100's -," 24,993 ",LOPERAMID 2 MG,Diare,KERAS
HARSEN,Pronam tab 100's -," 33,652 ",CYPROHEPTADINE 4 MG,Nafsu makan,KERAS
HARSEN,Versibet 3 mg tab 30's -," 33,029 ",GLIMEPERIDE 3 MG,Diabetes,KERAS
HEXPARM JAYA,Albiotin 300 mg kaps 30's -," 48,485 ",CLINDAMYCIN 300 MG,Infeksi bakteri,KERAS
HEXPARM JAYA,Allohex 10 mg tab 50's -," 21,978 ",LORATADINE 10 MG,Alergi,KERAS
HEXPARM JAYA,Allupurinol 100 mg tab 100's -," 18,928 ","PSUEDOPEDRINE 30 MG, TRIPROLIDINE HCI 2,5 MG",Alergi,KERAS
HEXPARM JAYA,Allupurinol 300 mg tab 100's -," 44,799 ",GENERIK HEXPARM JAYA,Asam urat,KERAS
HEXPARM JAYA,Alodan 100 mg tab 100's -," 27,151 ",ALLUPURINOL 100 MG,Asam urat,KERAS
HEXPARM JAYA,Alodan 300 mg tab 100's -," 53,646 ",ALLUPURINOL 300 MG,"Nyeri, inflamasi",KERAS
HEXPARM JAYA,Amlodipine 10 mg kapt 100's -," 43,960 ",GENERIK HEXPARM JAYA,Hipertensi,KERAS
HEXPARM JAYA,Amlodipine 5 mg kapt 100's -," 23,520 ",GENERIK HEXPARM JAYA,Hipertensi,KERAS
HEXPARM JAYA,Amoxixilin 500 mg tab 200's -," 90,850 ",GENERIK HEXPARM JAYA,Infeksi bakteri,KERAS
HEXPARM JAYA,Anfuhex tab 50's -," 45,954 ",KETOCONAZOLE 200 MG,Suplemen / penambah daya tahan,KERAS
HEXPARM JAYA,Asam mefenamat 500 mg tab 100's -," 23,212 ",GENERIK HEXPARM JAYA,"Nyeri, inflamasi",KERAS
HEXPARM JAYA,Bintamox 500 mg tab 100's -," 54,658 ",AMOXICILLIN 500 MG,Infeksi bakteri,KERAS
HEXPARM JAYA,Bintamox syr 60 ml -," 8,453 ",AMOXICILLIN 125 MG,Infeksi bakteri,KERAS
HEXPARM JAYA,Cetirizine 10 mg tab 100's -," 18,075 ",GENERIK HEXPARM JAYA,Alergi,KERAS
HEXPARM JAYA,Cetrin 10 mg tab 100's -," 33,379 ",CETIRIZINE 10 MG,Alergi,KERAS
HEXPARM JAYA,"Danasone 0,5 mg tab 200's -"," 20,060 ","DEXAMETASON 0,5 MG","Peradangan, alergi",KERAS
HEXPARM JAYA,Daneuron tab 100's -," 43,900 ","VIT B1 100 MG, VIT B6 200 MG, VIT B12 200 MCG",Neuropati / vitamin saraf,BEBAS
HEXPARM JAYA,Dapyrin 500 mg tab 200's -," 47,462 ",PARACETAMOL 500 MG,"Demam, nyeri",BEBAS
HEXPARM JAYA,Diabit 500 mg tab 200'S -," 44,626 ",METFORMIN 500 MG,Diabetes tipe 2,KERAS
HEXPARM JAYA,Diclofenac potassium 50 mg tab 100's -," 44,400 ",GENERIK HEXPARM JAYA,"Nyeri, inflamasi",KERAS
HEXPARM JAYA,Digest 30 mg tab 20's -," 37,065 ",LANSOPRAZOLE 30 MG,Gangguan pencernaan,KERAS
HEXPARM JAYA,Fasgo forte kapt 650 mg 100's -," 39,316 ",PARACETAMOL 650 MG,"Demam, nyeri",KERAS
HEXPARM JAYA,Fasgo syr 160 mg 60 ml -," 10,040 ",PARACETAMOL 160 MG,Demam (anak),KERAS
HEXPARM JAYA,Girabloc 500 mg tab 100's -," 75,714 ",CIPROFLOXACIN 500 MG,Infeksi bakteri,KERAS
HEXPARM JAYA,Glimetic 2 mg tab 100's -," 99,096 ",GLIMEPERIDE 2 MG,Diabetes tipe 2,KERAS
HEXPARM JAYA,Hexalgin tab 100's -," 59,514 ","METHAMPYRONE 500 MG , VIT B1 50 MG , VIT B6 100 MG , VIT B12 100 MG",Nyeri,KERAS
HEXPARM JAYA,Hexavask 10 mg tab 100's -," 82,348 ",AMLODIPINE 10 MG,Hipertensi,KERAS
HEXPARM JAYA,Hexavask 5 mg tab 100's -," 46,993 ",AMLODIPINE 5 MG,Hipertensi,KERAS
HEXPARM JAYA,Hexcam 15 mg tab 30's -," 19,024 ",MELOXICAM 15 MG,"Nyeri, inflamasi",KERAS
HEXPARM JAYA,Inxilon 4 mg tab 100's -," 51,428 ",METHYLPREDNISOLONE 4 MG,Peradangan,KERAS
HEXPARM JAYA,Kaflam 50 mg tab 30's -," 54,023 ",DICLOFENAC POTASSIUM 50 MG,"Nyeri, inflamasi",KERAS
HEXPARM JAYA,Lambucid syr 60 ml -," 7,881 ","AL HIDROKSIDA 230 MG, MAGNESIUM HYDROXIDE 300 MG, SIMETHICONE 30 MG","Maag, asam lambung",BEBAS
HEXPARM JAYA,Lansoprazole 30 mg tab 100's -," 77,279 ",GENERIK HEXPARM JAYA,"Maag, GERD",KERAS
HEXPARM JAYA,Librofed tab 50's -," 79,375 ",RANITIDIN 150 MG,"Flu, batuk",KERAS
HEXPARM JAYA,Losartan 50 mg tab 30's -," 49,450 ",GENERIK HEXPARM JAYA,Hipertensi,KERAS
HEXPARM JAYA,Metformin hj 500 mg tab 200's -," 39,200 ",GENERIK HEXPARM JAYA,Diabetes tipe 2,KERAS
HEXPARM JAYA,Oviskin-n cr 5 gr -," 5,966 ","BETAMETHASONE-17-VALERATE 1 MG, NEOMYCIN SULFATE 5 MG",Infeksi kulit,KERAS
HEXPARM JAYA,Pro-inz tab 100's -," 63,117 ","PARACETAMOL 500 MG, GUAIAFENESIN 50 MG, PHENYLPROPANOLAMINE HCI 15 MG, DEXTROMETHORPHAN HBR 15 MG, CHLORPHENIRAMINE MALEATE 2 MG.",Suplemen / penambah stamina,BEBAS
HEXPARM JAYA,Ranitidin 150 mg tab 200's -," 41,327 ",GENERIK HEXPARM JAYA,Maag,KERAS
HEXPARM JAYA,Salbron 2 mg tab 100's -," 19,849 ",SALBUTAMOL 2 MG,"Asma, sesak napas",KERAS
HEXPARM JAYA,Salbron 4 mg tab 100's -," 21,427 ",SALBUTAMOL 4 MG,Asma,KERAS
HEXPARM JAYA,Salbron exp 100 ml -," 17,436 ","ALOE VERA EXTRACT , SODIUM HYALURONATE , GLYCYRHETTINIC ACID PVP",Asma (sirup),KERAS
HEXPARM JAYA,Simvastatin 10 mg tab 100's -," 16,369 ",GENERIK HEXPARM JAYA,Hiperkolesterol,KERAS
HEXPARM JAYA,Skizon cr 10 gr -," 7,728 ","BETAMETHASONE 0,5 MG",Infeksi kulit,KERAS
HEXPARM JAYA,Tavora 10 mg tab 30's -," 51,698 ",ATORVASTATIN 10 MG,Gangguan kecemasan / tidur,KERAS
HEXPARM JAYA,Tavora 20 mg tab 30's -," 79,271 ",ATORVASTATIN 20 MG,Gangguan kecemasan / tidur,KERAS
HEXPARM JAYA,Taxime 100 mg tab 30's -," 60,991 ",CEFIXIME 100 MG,Infeksi bakteri,KERAS
HEXPARM JAYA,Taxime 200 mg tab 30's -," 85,813 ",CEFIXIME 200 MG,Infeksi bakteri,KERAS
HEXPARM JAYA,Titan 150 mg tab 100's -," 33,796 ",GENERIK HEXPARM JAYA,Maag,KERAS
HEXPARM JAYA,Topcillin 500 mg tab 100's -," 55,205 ",AMOXIXILIN 500 MG,Infeksi bakteri,KERAS
HEXPARM JAYA,Topcillin ds syr 125 60 ml -," 9,409 ",AMOXICILLIN 125  MG,Infeksi bakteri (anak),KERAS
HEXPARM JAYA,Topcillin ds syr 250 60 ml -," 13,403 ",AMOXICILLIN 250 MG,Infeksi bakteri (anak),KERAS
HEXPARM JAYA,Vomina 10 mg tab 100's -," 47,619 ",DOMPERIDON 10 MG,Mual muntah,KERAS
HISAMITSU,Salonpas gel patch 2's -," 12,838 ",-,"Nyeri otot, pegal",BEBAS
HOLI,Libebi syr 60 ml -," 5,714 ","PARACETAMOL 120 MG, GUAIFENESIN 25 MG, CHLORPHENAMINEMALEATE1MG",Suplemen,BEBAS
HOLI,Lifadrox syr forte  60 mL -," 13,219 ",CEFADROKSIL 250 MG,Infeksi bakteri,KERAS
HUFA,Anastan 500 mg tab 100's -," 34,477 ",MEFENAMIC ACID 500 MG,"Nyeri, inflamasi",KERAS
HUFA,Dexyl syr 60'ml -," 4,649 ","DMP 12 MG, AMMONIUM CHLORIDE 72 MG, CHLORPHENIRAMINE 1 MG","Alergi, batuk",BEBAS
HUFA,Hufabetamin kapt 100's -," 19,528 ","BETAMETHASONE 0,25 MG, DEX-CTM 2 MG",Suplemen vitamin,KERAS
HUFA,Hufabetamin syr 60 ml -," 6,132 ","BETAMETHASONE 0,025 MG, DEXCHLOPHENIRAMINE MALEATE 2 MG",Suplemen vitamin,KERAS
HUFA,Hufabionic kap 100's -," 21,094 ",FAMOTIDINE 40 MG TAB,Suplemen vitamin,KERAS
HUFA,Hufadine 150 mg kapt 100's -," 32,527 ",RANITIDIN 150 MG,"Maag, asam lambung",KERAS
HUFA,Hufadon kap 100's -," 22,138 ",DOMPERIDON 10 MG,Batuk,KERAS
HUFA,Hufadon syr 60 ml -," 4,869 ",DOMPERIDON 5 MG,Batuk (anak),KERAS
HUFA,Hufadryl syr 60'ML -," 4,672 ",DIPHENHIDRAMIN HCI 13 MG,"Batuk, alergi",BEBAS
HUFA,Hufagesic / hufagrip 500 mg kapt 100's -," 29,704 ",PARACETAMOL 500 MG,"Demam, nyeri",BEBAS
HUFA,Hufagesic dp kapt 100's -," 39,227 ","PARACETAMOL 500 MG, PHENYLEPHRINE HCI 10 MG, CTM 2 MG","Demam, nyeri",BEBAS
HUFA,Hufagrip bp anak (hijau) syr 60 ml -," 18,248 ","DMP 7,5 MG, PSEUDOEPHEDRINE 15 MG, CTM 0,5 MG",Flu anak,BEBAS
HUFA,Hufagrip bp berdahak syr 60 ml -," 16,918 ","GUAIFENESIN 50 MG, PSEUDOEPHEDRINE 15 MG",Flu berdahak,BEBAS
HUFA,Hufagrip bp dewasa syr 60 ml -," 16,039 ",PSEUDOEPHEDRINE HCL 30 MG DEXTROMETHORPHAN HBR 15 MG CHLORPHENAMINE MALEATE 2 MG,Flu dewasa,BEBAS
HUFA,Hufagrip demam anak 120 mg (merah) syr 60 ml -," 13,335 ",PARACETAMOL 120 MG,Demam anak,BEBAS
HUFA,Hufagrip demam anak 160 mg syr 60'ml -," 14,792 ",PARACETAMOL 160 MG,Demam anak,BEBAS
HUFA,Hufagrip demam drops 15 ml -," 10,387 ","SODIUM FEREDETATE 38 MG, MANGANESE SULFATE 0,2 MG, CUPRIC SULFATE 0,2 MG, ASAM FOLAT 1 MG, CYANOCOBALAMIN 10 MCG, ZINC PICOLINATE 1 MG",Demam bayi,BEBAS
HUFA,Hufagrip flu & batuk anak (kuning) syr 60 ml -," 21,781 ","PARACETAMOL 12 MG, PSUDOEPHEDRINE HCI 7,5 MG, CTM 0,5 MG, GG 50 MG",Flu & batuk anak,BEBAS
HUFA,Hufagrip forte kap 100's -," 44,040 ","PARACETAMOL 500 MG, EPHEDRINE HCI 5 MG, CTM 2 MG, GG 50 MG","Flu, batuk",BEBAS
HUFA,Hufagrip pilek anak (biru) syr 60 ml -," 16,007 ","PSEUDOEPHEDRINE 15 MG, CTM 1 MG",Pilek anak,BEBAS
HUFA,Hufallerzine syr 60 ml -," 5,492 ","PROMITHAZINE HCI 5 MG, GG 50 MG, TINCTUR IPECACUANHAE 3 MG, ALKOHOL 0,045%",Alergi,KERAS
HUFA,Hufamag plus syr  60 ml -," 7,267 ","GEL AL HIDROKSIDA KERING 300 MG, MAGNESIUM HYDROXIDE 300 MG, DI METIL POLISILOKSAN AKTIF (SIMETHICON) 25 MG","Maag, asam lambung",BEBAS
HUFA,Hufamag plus tab 100's -," 32,630 ","GEL AL HIDROKSIDA KERING 300 MG, MAGNESIUM HYDROXIDE 300 MG, DI METIL POLISILOKSAN AKTIF (SIMETHICON) 25 MG",Maag,BEBAS
HUFA,Hufaneuron tab 100's -," 47,941 ","VIT B1 100 MG, VIT B6 200 MG, VIT VIT B12 200 MCG",Neuropati,BEBAS
HUFA,Hufanoxil 500 mg kap 100's -," 52,650 ",AMOXICILLIN 500 MG,Infeksi bakteri,KERAS
HUFA,Hufanoxil syr  60 ml -," 5,518 ",AMOXICILLIN 125 MG,Infeksi bakteri,KERAS
HUFA,Hufarizine 5 mg syr 60 ml -," 6,248 ",CETIRIZINE 5 MG,Alergi,KERAS
HUFA,Hufatidine 40 mg tab 30's -," 7,681 ","MELOXICAM 7,5 MG",Maag,KERAS
HUFA,Hufavicee e kapt 100's -," 77,450 ","ASCORBID ACID 500 MG, VIT B1 50 MG, RIBOFLAVIN 25 MG, VIT B6 10 MG, VIT VIT B12 10 MCG, VIT B3 50 MG, CALCIUM PANTOTHENATE 20 MG, DL-ALPHA- TOCOPHEROL ACETATE 30 MG",Vitamin C,BEBAS
HUFA,Hufavit kalk syr 60 ml 60'ML -," 6,349 ","VIT A 1800 IU, VIT D 200 IU, VIT B1 2MG, VIT B2 1,25MG, VIT B6 1MG, VIT C 30MG, CA.PANTOTHENATE 3MG, VIT B3 5MG, CA. GLUCONATE 400 MG",Kalsium (tulang),BEBAS
HUFA,Hufaxicam 15 mg tab 20's -," 13,509 ",MELOXICAM 15 MG,"Nyeri, inflamasi",KERAS
HUFA,Hufaxol syr 60'ml -," 6,141 ",AMBROXOL 15 MG,Batuk berdahak,KERAS
HUFA,Hufaxol tab 100's -," 30,647 ",AMBROXOL 30 MG,Batuk,KERAS
HUFA,Hufralgin tab 100's -," 49,149 ","METAMIZOLE 500 MG, VIT B1 50 MG, VIT B6 100 MG, VIT VIT B12 100 MCG",Nyeri,KERAS
HUFA,Pasaba cough and flu syr 60'ML -," 8,898 ","PARACETAMOL 250 MG, DMP 7,5 MG, PSEUDOEPHEDRINE HCI 15 MG, CTM 1 MG",Flu & batuk,BEBAS
HUFA,Pasaba syr 60 ml -," 5,741 ",PARACETAMOL 120 MG,Batuk,BEBAS
HUFA,Tialysin kalk syr 60'ML -," 5,733 ","VIT A 1500 IU, VIT D3 200 IU, VIT B1 0,5 MG, VIT B2 0,5 MG, VIT B6 0,5 MG, VIT B12 0.9 MCG, CA.GLUCONATE 250 MG, L-LYSINE HCI 100 MG",Kalsium,BEBAS
HUFA,Tialysin plus syr 60'ml -," 6,113 ","VIT A 1500 IU, VIT D3 200 IU, VIT B1 0,5 MG, VIT B2 0,5 MG, VIT B6 0,5 MG, VIT B12 0.9 MCG, CA.GLUCONATE 250 MG, L-LYSINE HCI 100 MG,  OMEGA 3 OIL 10.77MG",Kalsium,BEBAS
HUFA,Vanquin plus 5 gr 5 gr -," 4,465 ","CHLORAMPHENICOL, HYDROCORTISONE ACETAT",Infeksi kulit,KERAS
IFARS,Acifar 200 mg tab 100's -," 58,220 ",ACYCLOVIR 200 MG,Antivirus (herpes),KERAS
IFARS,Acifar cream 5 gr 5 Gr -," 6,771 ",ACYCLOVIR 5%,Infeksi virus kulit,KERAS
IFARS,Alofar 100 mg kaptab 100's -," 31,499 ",ALLUPURINOL 100 MG,Asam urat,KERAS
IFARS,Alofar 300 mg kaplet 100'S -," 68,385 ",ALLUPURINOL 300 MG,Asam urat,KERAS
IFARS,Anelat tab 100's -," 16,167 ",FOLIC ACID 1000 MCG,Nyeri,BEBAS
IFARS,Brochifar kapt 100's -," 51,576 ","PARACETAMOL 500 MG, DMP 15 MG, PHENYLPROPANOLAMINE HCI 15 MG, CTM 2 MG",Batuk,BEBAS
IFARS,Brocon tab 100's -," 50,205 ","PARACETAMOL 500 MG, DMP 10 MG, PHENYLEPHRINE 10 MG, CTM 2 MG",Batuk,BEBAS
IFARS,Bromifar plus tab 100'S -," 17,844 ","BROMHEXINE 8 MG, GLYCERILGUAIACOLAT 100 MG",Batuk berdahak,BEBAS
IFARS,Calcifar kaplet 100'S -," 19,116 ",CALCIUM 500 MG,Kalsium,BEBAS
IFARS,Calcifar plus tab 100's -," 20,598 ","KALSIUM HIDROGEN FOSFAT 500 MG, VIT D3 200 IU",Kalsium,BEBAS
IFARS,Celestar syr 60 ml -," 6,809 ","ALOE VERA EXTRACT , SODIUM HYALURONATE , GLYCYRHETTINIC ACID PVP",Alergi,BEBAS
IFARS,Clonaderm cr 5 Gr -," 8,484 ","CLOBETASOL PROPIONATE 0,05%",Infeksi kulit,KERAS
IFARS,Dermifar cr 5 gr -," 4,600 ",CLOTRIMAZOLE 5 MG,Infeksi kulit,KERAS
IFARS,Dexigen cr 5 Gr -," 10,621 ","DESOXYMETHASONE 0,25%",Peradangan kulit,KERAS
IFARS,Dionicol syr  60 ml -," 9,959 ",THIAMPENICOL 125 MG,Batuk,KERAS
IFARS,Dionicol tab 100's -," 125,564 ",THIAMPENICOL 500 MG,Batuk,KERAS
IFARS,Dobrizol kapsul 100's -," 82,272 ",LANSOPRAZOL 30 MG,Infeksi bakteri,KERAS
IFARS,Dohixat 100 mg tab 100's -," 48,595 ",Doxycycline hyclate,Infeksi bakteri,KERAS
IFARS,Elomox cr 5 Gr -," 9,480 ",MOMETHASONE FUROATE,Infeksi kulit,KERAS
IFARS,Eltazon 5 mg tab 100's -," 19,118 ",PREDNISONE 5 MG,Alergi,KERAS
IFARS,Estalex tab 50's -," 41,988 ",EPERISONE 50 MG,Alergi,KERAS
IFARS,Fargetix 500 mg kapt 100's -," 32,664 ",ASAM MEFENAMAT 500 MG,Nyeri,KERAS
IFARS,"Faridexon 0,5 mg kapt 100's -"," 10,508 ","DEXAMETASON 0,5 MG",Peradangan,KERAS
IFARS,Faridexon forte tab 100's -," 13,481 ","DEXAMETASON 0,75 MG",Peradangan,KERAS
IFARS,Farnirex tab 100's -," 38,162 ","PARACETAMOL 650 MG, GLISERIL GUAIAKOLAT 100 MG, FENILPROPANOLAMIN HCL 15 MG, DAN CTM 2 MG",Alergi,BEBAS
IFARS,Farsifen 100 mg syr 60 ml -," 6,459 ",IBUPROFEN 100 MG,Demam anak,BEBAS
IFARS,Farsifen forte syr 60 ml -," 8,013 ",IBUPROFEN 200 MG,Demam anak,BEBAS
IFARS,Farsiretic tab 100's -," 50,771 ",FUROSEMIDE 40 MG,Edema,KERAS
IFARS,Fasidol 500 mg kapt 100's -," 30,804 ","PARACETAMOL 500 MG, CTM 2 MG, DMP 15 MG, PSEUDOEPHEDRINE HCI 30 MG","Demam, nyeri",BEBAS
IFARS,Fasidol drops 15 ml -," 12,184 ",PARACETAMOL 60 MG,Demam bayi,BEBAS
IFARS,Fasidol forte kaplet 100's -," 38,557 ",PARACETAMOL 650 MG,"Demam, nyeri",BEBAS
IFARS,Fasidol forte syr 60 ml -," 7,737 ",PARACETAMOL 160 MG,Demam anak,BEBAS
IFARS,Fasidol syr 60 ml -," 6,497 ",PARACETAMOL 120 MG,Demam anak,BEBAS
IFARS,Fasiprim forte 960 mg tab 100's -," 60,007 ","TRIMETHOPRIM 160 MG, SULFAMETHOXAZOLE 800 MG",Infeksi bakteri,KERAS
IFARS,Fasiprim syr 60 ml -," 6,347 ","TRIMETHOPRIM 40 MG, SULFAMETHOXAZOLE 200 MG",Infeksi bakteri,KERAS
IFARS,Faxiden 10 mg tab 100's -," 17,057 ",PIROXICAM 10 MG,Alergi,KERAS
IFARS,Faxiden 20 mg tab 100's -," 24,561 ",Piroxicam 20 mg,Alergi,KERAS
IFARS,Faxiden gell 10 gr 10 Gr -," 8,808 ","PIROXICAM 0,5%",Nyeri otot,KERAS
IFARS,Floxifar 500 mg tab 100's -," 58,615 ",CIPROFLOXACIN 500 MG,Infeksi bakteri,KERAS
IFARS,Flunadin tab 100's -," 54,406 ","PARACETAMOL 250 MG, DMP 7,5 MG, PSEUDOEPHEDRINE HCI 15 MG, CTM 1 MG",Flu,KERAS
IFARS,Genalten cr 5 Gr -," 4,442 ","GENTAMISIN SULFAT 0,1% (1 MG / GR)",Infeksi kulit,KERAS
IFARS,Glikos 850  100's -," 41,406 ",METFORMIN HCI 850 MG,Diabetes tipe 2,KERAS
IFARS,Helixim kapt 30's -," 34,575 ",CEFIXIME 100 MG,Alergi,KERAS
IFARS,Hico gel 15 gr 15 Gr -," 17,825 ",HEPARIN SODIUM 200 IU,Nyeri otot,KERAS
IFARS,Histigo kaplet 100's -," 53,502 ",BETAHISTINE MESILATE 6 MG,Vertigo,KERAS
IFARS,Ifarsyl plus syr 60 ml -," 7,481 ","PARACETAMOL 650 MG, PHENYLPROPANOLAMINE 15 MG",Batuk,BEBAS
IFARS,Kaditic 50 mg tab 100's -," 30,836 ",KALIUM DIKLOFENAK 50 MG,Nyeri,KERAS
IFARS,Kanina syr  60 ml -," 5,782 ","KAOLIN 985 MG, PECTIN 22 MG",Batuk anak,BEBAS
IFARS,Kompolax syr 60 ml -," 10,761 ","PARAFFIN LIQUID 1,5 GR, PHENOLPTHALEIN 75 MG, GLYCERO 1 GR",Pencahar,BEBAS
IFARS,Lecozinc 20 mg tab 100's -," 27,825 ","DICLOFENAC DIETHYLAMINE 11,6 MG",Suplemen zinc,KERAS
IFARS,Lerzin drops 15 ml -," 12,601 ",CETIRIZINE 10 MG,Alergi anak,KERAS
IFARS,Lerzin kapsul 100's -," 40,830 ",CETIRIZINE 10 MG,Alergi,KERAS
IFARS,Lerzin syr 60 mL -," 6,477 ",CETIRIZINE 10 MG,Alergi,KERAS
IFARS,Lespain cr 15 gr -," 7,418 ","METILSALISILAT 110 MG, MENTOL 60 MG, DAN EUGENOL 15 MG",Nyeri otot,KERAS
IFARS,Locoriz cr 5 gr -," 5,074 ",MICONAZOLE NITRATE 2%,Infeksi kulit,KERAS
IFARS,Lokev kapsul  100's -," 46,525 ",ZINC 20 MG,Vitamin,KERAS
IFARS,Lostacef kapsul 100's -," 106,341 ",CEFADROKSIL 500 MG,Infeksi bakteri,KERAS
IFARS,Lostacef syr 60 ml -," 9,635 ",CEFADROKSIL 125 MG,Infeksi bakteri,KERAS
IFARS,Megatic emulgel 20 gr -," 11,387 ","DIPHENHIDRAMIN HCL 12.5 MG, AMONIUM KLORIDA 125 MG",Nyeri otot,KERAS
IFARS,Mezinex syr 60 ml -," 6,319 ","PROMETHAZINE HCI 5 MG, IPECA EXTRAC 3 MG, GLICERYL GUAIACOLAT 45 MG",Batuk,KERAS
IFARS,Milorin 300 mg kaps 50's -," 80,907 ",CLINDAMYCIN 300 MG,Asam urat,KERAS
IFARS,"Nestacort 2,5% cr 5 Gr -"," 7,083 ","HYDOCORTISONE ACETATE 2,5%",Peradangan kulit,KERAS
IFARS,Nexitra tab 50's -," 90,919 ",ASAM TRANEKSAMAT 500 MG,Alergi,KERAS
IFARS,Nisagon cr 5 Gr -," 6,576 ","BETAMETHASONE VALERAT 0.1%, NEOMISIN SULFAT 0.5%",Infeksi jamur,KERAS
IFARS,Norvom 10 mg tab 100's -," 17,710 ",METOKLOPRAMID 10 MG,Mual muntah,KERAS
IFARS,Nutralix 5000 mg kapt 50's -," 64,410 ","VIT B1 100 MG, VIT B6 100 MG, DAN VIT B12 5.000 MCG.",Suplemen,BEBAS
IFARS,Nutralix tab 100's -," 53,159 ","VIT B1 100 MG, VIT B6 200 MG, DAN VIT B12 200 MCG",Suplemen,BEBAS
IFARS,Omeprazole 20 mg kaps 100's -," 31,050 ",GENERIK IFARS,Maag,KERAS
IFARS,Orsaderm cr 5 Gr -," 4,543 ","BETAMETHASONE VALERAT 0,1 %",Infeksi kulit,KERAS
IFARS,Oxycobal 500 mg kapt 100's -," 49,625 ",MECOBALAMINE 500 MCG,Vitamin B12,KERAS
IFARS,Paratenza syr 60 ml -," 9,304 ","PARACETAMOL 500 MG, CTM 2 MG, PHENYLPROPANOLAMINE 12,5 MG",Batuk,BEBAS
IFARS,Polofar plus tab 100's -," 21,715 ","DEKSLORFENIRAMIN MALEAT 2 MG, DEXAMETASON MICRONISED 0.5 MG",Suplemen,KERAS
IFARS,Pratifar 40 mg kapt 50's -," 26,977 ",FAMOTIDINE 40 MG,Maag,KERAS
IFARS,Prodermis cr 5 Gr -," 6,254 ","FLUCINOLONE ACETONIDE 0,025%, NEOMISIN 0,1%",Infeksi kulit,KERAS
IFARS,Quantidex syr 60 ml -," 8,244 ","PSEUDOEPHEDRINE 30 MG, TRIPOLIDINE HCI 1,25 MG",Batuk,BEBAS
IFARS,Rexavin 125 mg kap 100's -," 49,867 ",GRISEOFULVIN (MICRONIZED) 125 MG,Infeksi bakteri,KERAS
IFARS,Rhemafar 4 mg tab 100's -," 42,761 ",METHYLPREDNISOLONE 4 MG,Peradangan,KERAS
IFARS,Rhemafar 8 mg tab 50's -," 31,446 ",METHYLPREDNISOLONE 8 MG,Peradangan,KERAS
IFARS,Roverton syr 60 ml -," 5,691 ",AMBROXOL 15 MG,Batuk,KERAS
IFARS,Selvim 20 mg  50's -," 25,117 ",SIMVASTATIN 20 MG,Kolesterol,KERAS
IFARS,Seremig tab 50's -," 35,074 ",FLUNARIZIN 10 MG,Alergi,KERAS
IFARS,Solinfec 200 mg tab 50's -," 48,249 ",KETOCONAZOLE 200 MG,Infeksi bakteri,KERAS
IFARS,Synarcus cr 5 Gr -," 4,682 ","FLUOCINOLONE ACETONIDE 0,025%",Infeksi kulit,KERAS
IFARS,Ternix plus syr 60 ml -," 9,131 ","PARACETAMOL 250 MG, PSEUDOEPHEDRINE HCL 15 MG, CHLORPHENIRAMINE MALEATE 1 MG, GUAIAFENESIN 100 MG",Batuk,BEBAS
IFARS,Ternix syr 60 ml -," 8,149 ","PARACETAMOL 250 MG, PSEUDOEPHEDRINE HCL 15 MG, CHLORPHENIRAMINE MALEATE 1 MG",Batuk,BEBAS
IFARS,Tidifar 400 mg tab 100's -," 74,872 ",CIMETIDINE 400 MG,Infeksi bakteri,KERAS
IFARS,Transifar tab 100's -," 35,813 ","DMP 10 MG, DIPHENHIDRAMIN HCI 12,5 MG, AMMONIUM CHLORIDE 120 MG",Perdarahan,BEBAS
IFARS,Trianta tab 100's -," 24,957 ","MAGNESIUM HYDROXIDE 300 MG, DRIED AL HIDROKSIDA 300 MG, SIMETICONE 60 MG",Maag,BEBAS
IFARS,Trovilon ds syr 60 ml -," 13,664 ",ERYTHROMICIN 200 MG,Infeksi bakteri,KERAS
IFARS,Vesperum drops  15 ml -," 12,405 ",DOMPERIDON 5 MG,Alergi bayi,KERAS
IFARS,Vesperum syr 60 ml -," 6,216 ",DOMPERIDON 5 MG,Batuk,KERAS
IFARS,Vesperum tab 100's -," 25,705 ",DOMPERIDON 10 MG,Batuk,KERAS
IFARS,Winatin tab 100's -," 32,117 ",LORATADIN 10 MG,Infeksi bakteri,KERAS
IFARS,Yusimox 500 mg kaps 100's -," 57,811 ",AMOXICILLIN 500 MG,Infeksi bakteri,KERAS
IFARS,Zantifar 150 mg 50's -," 16,107 ",RANITIDIN 150 MG,Maag,KERAS
IFI,Ambroxol 30 mg kap 100's -," 10,064 ",GENERIK IFI,Batuk berdahak,KERAS
IFI,Antasida doen tab 100's -," 10,647 ",GENERIK IFI,Maag,KERAS
IFI,Ctm 4 mg tab pot 100's -," 3,642 ",CTM 4 MG,Alergi,KERAS
IFI,Ifidex 0.5 mg tab pot 100's -," 5,052 ",DEXAMETASON 0.5 MG,Peradangan,KERAS
IFI,Ifidex 0.75 mg tab pot 100's -," 5,610 ",DEXAMETASON 0.75 MG,Peradangan,KERAS
IFI,Ifison 5 mg tab pot 100's -," 9,600 ",PREDNISONE 5 MG,Peradangan,KERAS
IFI,Ifitamol 500 mg kapt box 100's -," 20,004 ",PARACETAMOL 500 MG,Demam,BEBAS
IFI,Ifitamol 500 mg kapt pot (warna biru) 100's -," 17,251 ",PARACETAMOL 500 MG,Demam,BEBAS
IFI,Piroxicam 20 mg tab strip 100's -," 12,051 ",GENERIK IFI,Nyeri,KERAS
IFI,Salbutamol 2 mg tab 100's -," 9,361 ",GENERIK IFI,Asma,KERAS
IFI,Vit b1 5 mg tab pot 100's -," 4,045 ",VIT B1 5 MG,Vitamin B1,BEBAS
INDOFARMA,Acyclovir cr 5 gr @ 25 tube 25's -," 94,637 ",GENERIK INDOFARMA,Herpes,KERAS
INDOFARMA,Cetirizine kapsul 50's -," 13,274 ",GENERIK INDOFARMA,Alergi,KERAS
INDOFARMA,Glibenclamide 5 mg tab 100's -," 15,239 ",GENERIK INDOFARMA,Diabetes tipe 2,KERAS
INDOFARMA,Irbesartan 300 mg tablet 50's -," 105,463 ",GENERIK INDOFARMA,Hipertensi,KERAS
INTERBAT,Alco flu & batuk syrup 100 ml -," 53,613 ","PSEUDOEPHEDRINE 30 MG, BROMPHENIRAMINE MALEATE 2 MG, DMP 10 MG",Flu & batuk,BEBAS
INTERBAT,Alco flu syrup 100 ml -," 65,548 ","PSEUDOEPHEDRINE HCL 30 MG, BROMPHENIRAMINE MALEATE 2 MG",Flu,BEBAS
INTERBAT,Alco oral drops 15 ml 15 ml -," 91,841 ",PSEUDOEPHEDRINE HCL 7.5 MG,Demam bayi,BEBAS
INTERBAT,Anadex syr 60 ml  60 ML -," 33,761 ","PARACETAMOL 120MG, DMP 3.5MG, CHLORPHENORAMINE MALEAT 0.5MG, PHENYLPROPANOLAMIN HCL 3.5 MG",Batuk,BEBAS
INTERBAT,Dexketoprofen 25 mg tab 50's - 79.965 ," 79,965 ","GENERIK INTERBAT GENERIK INTERBAT
GENTAMISIN 1 MG, BETAMETHASONE 0,5 MG",Nyeri,KERAS
INTERBAT,Digenta cr 10 gr -," 93,531 ","Gentamicin Sulfate 0,1% (setara 1 mg/g) dan Betamethasone Dipropionate 0,05%",Infeksi kulit,KERAS
INTERBAT,Dexketoprofen 50 mg inj 5's - 41.000," 41,000 ",dexketoprofen trometamol,Nyeri,KERAS
INTERBAT,Etoricoxib 60 mg tab 30's -," 81,572 ",GENERIK INTERBAT,Nyeri,KERAS
INTERBAT,Etoricoxib 90 mg tab 30's -," 104,048 ",GENERIK INTERBAT,Nyeri,KERAS
INTERBAT,Febuxostat 80 mg tab 30's -," 141,725 ",VALACYCLOVIR 500 MG,Asam urat,KERAS
INTERBAT,Metoclopramide 10 mg inj 10's -," 29,970 ",GENERIK INTERBAT,Mual muntah,KERAS
INTERBAT,Pamol oral drop 15 ml  15 ml -," 53,939 ",PARACETAMOL 60 MG,Demam bayi,BEBAS
INTERBAT,Pantoprazole 40 mg kapt 28's -," 98,899 ",GENERIK INTERBAT,Maag,KERAS
INTERBAT,Prome syr 100 ml 100 ml -," 47,402 ","PROMETHAZINE HCL 5 MG, IPECAC EXTR 0.1 ML, K GUAIACOLSULFONATE 44 MG, NA CITRATE 197 MG, MENTHOL 1 MG.",Alergi,BEBAS
INTERBAT,Rebamipide 100 mg tab 100's -," 117,216 ",GENERIK INTERBAT,Maag,KERAS
INTERBAT,Trifed tab 50's -," 163,614 ","EKSTRAK TRIBULUS TERRESTRIS 250 MG, SELENIUM 60 MCG, ZINC 15 MG",Flu,KERAS
INTERBAT,Urinter 400 mg kaps 100's -," 221,850 ",PIPEMIDIC ACID 400 MG,Infeksi saluran kemih,KERAS
ITRASAL,Fervital kaps 100's -," 27,039 ","BESI (II) FUMARAT 200 MG, VITAMIN A 4000 SL, VITAMIN B1 10 MG, VITAMIN B2 10 MG, VITAMIN B6 2 MG, VITAMIN B12 5 G, NIKOTINAMIDA 20 MG, TEMBAGA
(II) SULFAT 1 MG, KALSIUM PANTOTENAT 5 MG, MAGNESIUM OKSIDA 1 MG, MANGAN SULFAT 1 MG, SENG SULFAT 1,5 MG",Vitamin,BEBAS
ITRASAL,Guanistrep syr 60 ml -," 6,210 ","KAOLIN 986 MG, PECTIN 40 MG",Batuk,BEBAS
ITRASAL,Itrabat syr 100 ml -," 10,809 ","GLISERIL GUAIAKOLAT 88 MG, AMONIUM CHLORIDE 180 MG, CTM 1 MG",Infeksi jamur,BEBAS
ITRASAL,Itramol 500 mg kapt 100's -," 23,430 ",PARACETAMOL 500 MG,Demam,BEBAS
ITRASAL,Itramol syr 120 mg 60 ml -," 5,264 ","PARACETAMOL 120 MG ALKOHOL 4,8 MG",Demam anak,BEBAS
ITRASAL,Obh (obat batuk hitam) bk 100 ml -," 5,616 ","GLYCYRRHIZAE SUCCUS 160 MG, CHLORETUM AMMONICUM 100 MG, SOLUTIO AMMONIA DAN SPRITUOSA ANISATA 100 MG",Batuk,BEBAS
ITRASAL,Paraflu kap 100's -," 36,800 ","PARACETAMOL 500 MG, PHENILPROPANOLAMIN HCI 12,5 MG, CTM 2 MG, GG 50 MG",Flu,BEBAS
ITRASAL,Paraflu syr 60 ml -," 6,440 ","PARACETAMOL 125 MG, PHENYLPROPANOLAMINE 3,5 MG, CTM 0,5 MG, GLYCERILGUAIAKOLAT 50 MG",Flu,BEBAS
ITRASAL,Pectorin syr 120 ml -," 12,992 ","AMMONIUM CHLORIDA 87,5 MG GLICERYL GUAIAKOLAT 50 MG GLYCERYL GUAIAKOLAT 165 MG, CTM 1,3 MG EXTRACTUM THYMIE 0,15 ML",Batuk,BEBAS
ITRASAL,Wicold kapt 100's -," 32,400 ","PARACETAMOL 500 MG, GLYCERYL GUAIACOLATE 50 MG,CHLORPHENIRAMINE MALEATE 2 MG, PHENYLEPHRINE HCL 5 MG",Flu,BEBAS
ITRASAL,Wiros 20 mg kaps 100's -," 23,574 ",PIROXICAM 20 MG,Asam lambung,KERAS
KALBE,Bioplacenton jelly  15 gr -," 26,306 ",PLACENTA EXTRACT 10% DAN NEOMISIN SULFAT 0.5%.,Luka bakar / infeksi kulit,BEBAS
KALBE,Divoltar 50 mg tab 50's -," 16,974 ",NATRIUM DIKLOFENAK 50 MG,Nyeri,KERAS
KALBE,Kalcinol n cr 5 gr -," 13,016 ","FLUOCINOLONE ACETONIDE 0,025%, NEOMISIN SULFAT 0,5%",Infeksi kulit,KERAS
KALBE,Kalmethasone tab 200's -," 22,894 ",DEXAMETASON 0.5 MG,Peradangan,KERAS
KALBE,Kalmicetine 250 mg kap 100's -," 97,985 ",CHLORAMPENICOL 250 GM,Infeksi bakteri,KERAS
KALBE,Neuralgin rx kapt 100's -," 109,078 ","METAMPIRON 500 MG, VIT B1 50 MG, VIT B6 10 MG, CYANOCOALAMIN 10 MCG, CAFFEINE 50 MG",Nyeri saraf,KERAS
KALBE,Plantacid forte tab 100's -," 83,916 ","MG(OH)2 400 MG, AL(OH)3 400 MG, SIMETHICONE 100 MG.",Maag,BEBAS
KALBE,Promag tab 30's -," 22,838 ","HYDROTALCITE 200 MG, MG(OH)2 150 MG, SIMETHICONE 50 MG",Maag,BEBAS
KALBE,Pronicy tab 100's -," 31,855 ",CYPROHEPTADINE HCI 4 MG,Alergi,KERAS
KIMIA FARMA,Furosemide 40 mg tab 100's -," 28,750 ",GENERIK KIMIA FARMA,Edema,KERAS
KONIMEX,Feminax tab 4's -," 3,057 ","PARACETAMOL 500MG, HYOSCYAMINE 19 MG",Nyeri haid,BEBAS
KONIMEX,Paramex flu & batuk tab 4's -," 2,435 ","PARACETAMOL 250 MG, PROPYPHENAZONE 150 MG, PSEUDOEPHEDRINE 30 MG, DMPR 15 MG,",Flu,BEBAS
KONIMEX,Siladex cough herbal syr 60 ml -," 13,196 ","Glycyrrhiza inflata radix extract (akar manis) 37,5 mg, Drymaria cordata herba extract (cemplonan) 62,5 mg, Myristica fragrans semen extract (pala) 30 mg, dan madu 800 mg.",Batuk herbal,BEBAS
LANDSON,Astria 4 mg soft cap 4'S -," 31,469 ","GLUCOSAMINE HCL 1500 MG, CHONDROITIN SULFATE 1200 MG, METHYLSULFONYLMETHANE 100 MG",Alergi,BEBAS
LANDSON,"Lanadexon 0,5 mg tab 100's -"," 12,650 ","DEXAMETASON 0,5 MG",Peradangan,KERAS
LANDSON,Ondansetron 4 mg tab 30's -," 15,628 ",GENERIK LANDSON,Mual,KERAS
LANDSON,Ondansetron 8 mg tab 30's -," 17,267 ",GENERIK LANDSON,Mual,KERAS
LANDSON,Stamoten 10 mg tab 30's -," 21,865 ",AMLODIPINE 10 MG,Alergi,KERAS
LANDSON,Stamoten 5 mg tab 30's -," 12,142 ",AMLODIPINE 5 MG,Alergi,KERAS
LAPI,Apialys 100 ml 100 ml -," 47,235 ","VIT A 5000 IU, VIT B1 3 MG, VIT B2 2 MG, VIT B6 6 MG, VIT B12 5 MCG, VIT C 50 MG, VIT D 400 IU, VIT B3 20 MG, LYSINE HCL 250 MG, PANTOTHENOL 5 MG, ASAM GLUTAMAT 25 MG.",Vitamin anak,BEBAS
LAPI,Lasal expect syr 100'ml -," 55,361 ","GLYCERYL GUAIACOLATE 75 MG, SALBUTAMOL SULFATE 2 MG.",Batuk,KERAS
MAHAKAM,Betathione kapt 12's -," 123,626 ","ASTAXANTHIN 4 MG , GLUTATHIONE 500 MG",Vitamin,BEBAS
MAHAKAM,Calplex kap 30's -," 68,182 ","CORAL CA 500 MG, SOY FIBER GERM (NATURAL SOY ISOFLAVONE) 20 MG, VIT.D3 200 IU, VIT.K1 25 MCG, ZN 5 MG, MG 100 MG, BORON 1 MG",Kalsium,BEBAS
MAHAKAM,Erdostein 300 mg kaps 20's -," 43,122 ",GENERIK MAHAKAM,Batuk berdahak,KERAS
MAHAKAM,Hesroid kapt 30's -," 86,996 ",MICRONIZED FLAVONOID FRACTION 500 MG,Wasir,KERAS
MAHAKAM,Larce 1000 injeksi (5 ampul @ 5 ml) 5's -," 65,875 ",VIT C 1000 MG,Antibiotik injeksi,KERAS
MAHAKAM,Larce 200 mg injeksi 5's -," 34,264 ",VITAMIN C 100 MG,Antibiotik injeksi,KERAS
MAHAKAM,Larce 500 mg injeksi 5's -," 52,705 ",VITAMIN C 500 MG,Antibiotik injeksi,KERAS
MAHAKAM,Levofloxacin 500 mg infus 100 ml -," 21,312 ",GENERIK MAHAKAM,Infeksi bakteri,KERAS
MAHAKAM,Neofer kap 30's -," 94,406 ","ALPHA LIPOIC ACID 600 MG, VIT VIT B12 200 MCG, BIOTIN 30 MCG",Anemia,KERAS
MAHAKAM,Omeprazole 40 mg injeksi 10's -," 60,167 ",Omeprazole 40 mg,Maag injeksi,KERAS
MAHAKAM,Pantoprazole 40 mg tab 30's -," 95,627 ",GENERIK MAHAKAM,Maag,KERAS
MAHAKAM,"Salbutamol 2,5 mg / inhalasi 10's -"," 46,863 ",PANTOPRAZOLE 20 MG,Asma inhalasi,KERAS
MAHAKAM,Ulcera suspensi  100 ml -," 27,473 ",SUCRALFATE 500 MG,Maag,KERAS
MAHAKAM,Ulcera suspensi  200 ml -," 41,758 ",SUCRALFATE 500 MG,Maag,KERAS
MAHAKAM,Ultimax joint kapt 30's -," 131,868 ","40 mg UC-II (Undenatured Collagen type II), 100 mg Boswellia Serrata extract, 250 mg MSM, dan 100-125 mg Chondroitin Sulfate.",Sendi,KERAS
MAHAKAM,Ventasal nebulizer 10's -," 50,138 ","SALBUTAMUL 2,5 MG / 2,5 ML",Asma nebulizer,KERAS
MEDIKA,Alcohol swab 2 ply 100's -," 9,350 ","ETHYL ALCOHOL 70%, CHLORHEXIDINE GLUCONATE 0,5%",Antiseptik,BEBAS
MEDIKA,Povidine 1 ltr 1 ltr -," 53,620 ",POVIDONE IODINE 10%,Antiseptik,BEBAS
MEDIKON,Citicoline 500 mg tab 30's -," 107,572 ",GENERIK MEDIKON,Stroke / otak,KERAS
MEDIKON,Fenofibrate 200 mg kaps 20's -," 109,121 ",GENERIK MEDIKON,Kolesterol,KERAS
MEDIKON,Glucosamine 500 mg kap 100's -," 117,362 ",GENERIK MEDIKON,Sendi,BEBAS
MEDIKON,Prostakur kapsul 30's -," 108,516 ",EKSTRAK SERANOA REPENS FRUCTUS 160 MG,Prostat,BEBAS
MEDIKON,Zoralin cr 10 gr -," 12,887 ",KETOCONAZOLE 2%,Infeksi jamur,KERAS
MEDIKON,Zoralin tab 100's -," 150,732 ",KETOCONAZOLE 200 MG,Infeksi jamur,KERAS
MEF,Paracetamol 500 mg tab 100's -," 39,761 ",GENERIK FM,Demam,BEBAS
MEGA,Clopidogrel 75 mg tab  100's -," 67,275 ",GENERIK BETA PHARMA (DEXA),Antiplatelet,KERAS
MEGA,Omeprazole 20 mg kaps 100's -," 23,750 ",GENERIK ERRITA,Maag,KERAS
MEGA,Ondansetron 4 mg tab (blister) 100's -," 29,890 ",GENERIK MEGA,Mual,KERAS
MEGA,Ondansetron 8 mg tab (blister) 100's -," 13,445 ","VIT B1 900 MCG, VIT B6 1250 MCG, VIT B12 2,75 MCG, ASAM FOLAT 350 MCG, NICOTINAMIDE 10,42 MG, MAGNESIUM CARBONATE 208,139 MG, FE FUMARATE 30,42 MG, ZINC 7,47 MG, KALIUM IODIDE 98,107 MCG, CALCIUM CARBONATE 249,74 MG",Mual,KERAS
MEIJI,Fg troches tab 120's -," 181,822 ","FRADIOMYCIN 2.5 MG, GRAMICIDIN 1 MG",Infeksi mulut,BEBAS
MEIJI,Sp troches (melon) 12's -," 12,074 ","DEQUALINIUM CHLORIDE 0,25 MG",Infeksi mulut,BEBAS
MEPRO,Anbiolid  150 mg 50's -," 176,699 ",ROXITHROMYCIN 150 MG,Infeksi bakteri,KERAS
MEPRO,Ancefa 250 mg syr 60 ml -," 52,847 ",CEFADROKSIL 250 MG,Infeksi bakteri,KERAS
MEPRO,Ancla fc tab 30's -," 248,823 ","AMOXICILLIN 500 MG, CLAVULANIC ACID 125 MG",Infeksi bakteri,KERAS
MEPRO,Andonex 100 mg syr 100 ml -," 16,083 ","DIPHENHIDRAMIN HCI 7.5 MG, PHENYLEPHRINE HCI 5 MG, DMP 10 MG, GLYCERYL GUAIACOLATE 100 MG",Batuk,KERAS
MEPRO,Arcapec syr 60 ml -," 13,696 ","ATTAPULGITE 600 MG, PECTIN 50 MG",Batuk,KERAS
MEPRO,Arcapec tab 100's -," 79,334 ","ATTAPULGITE 600 MG, PECTIN 50 MG",Batuk,KERAS
MEPRO,Arsinal tab 100's -," 96,581 ","METAMIZOLE 300 MG, VIT B1 100 MG, VIT B6 50 MG, VIT B12 100 MCG, A-TOCOPHEROL 30 IU",Nyeri,KERAS
MEPRO,Arsitam 500 mg tab 100's -," 96,581 ",ETHAMBUTOL HCI 500 MG,Demam,KERAS
MEPRO,Biocombin fc tab 100's -," 128,099 ","VUT B1 100 MG, VIT B6 200 MG, VIT B12 200 MCG",Vitamin,BEBAS
MEPRO,Biofos 120 ml syr 120 ml -," 48,682 ","ECHINACEA EXTR 250 MG, CURCUMINOID 2 MG, FOS 300 MG, TAURINE 100 MG, PHILLANTUS NIRURI 25 MG",Suplemen,BEBAS
MEPRO,Calorloss tab 30's -," 97,835 ","L-CARNITINE FUMARATE 500 MG, -LIPOIC ACID 100 MG, COENZYME Q10 30 MG, VIT B1 3 MG, RIBOFLAVIN 3 MG, VIT B6 2 MG, VIT VIT B12 3 MCG, ASCORBIC ACID 50 MG",Diet,BEBAS
MEPRO,Canergy fc tab 15's -," 69,362 ","L-CARNITINE FUMARATE 500 MG, ALA 100 MG, COQ10 30 MG, VIT B1 3 MG, VIT B2  3 MG, VIT B6 2 MG, VIT B12  3 MCG, VIT C 50 MG",Suplemen,BEBAS
MEPRO,Cefadroksil 500 mg kapt 100's -," 90,272 ",GENERIK PHAPROS,Infeksi bakteri,KERAS
MEPRO,Cereton kaps 30's -," 103,856 ","GINKGO BILOBA ECTRACT 60 MG, DMAE 100 MG, PINE BARK EXTRACT 60 MG, NIACINAMIDE 20 MG",Otak,KERAS
MEPRO,Clinjos 150 mg 30's -," 92,191 ",CLINDAMYCIN 150 MG,Infeksi bakteri,KERAS
MEPRO,Clinjos 300 mg  30's -," 146,047 ",CLINDAMYCIN 300 MG,Infeksi bakteri,KERAS
MEPRO,Clomifine citrate 50 mg tablet 100's -," 149,095 ",GENERIK MEPRO,Kesuburan,KERAS
MEPRO,Clovertil tab 30's -," 302,913 ",CLOMIPHENE CITRATE 50 MG,Peredaran darah,KERAS
MEPRO,Co-amoxiclav 625 mg tablet 30's -," 97,014 ",GENERIK MEPRO,Infeksi bakteri,KERAS
MEPRO,Donexan dx 120 mg syr 120 ml -," 12,867 ","DIPHENHIDRAMIN 5 MG, DMP 7.5, PHENYLEPHRINE 5 MG, AMMONIUM CHLORIDE 62,5 MG, SODIUM CITRATE 25 MG",Batuk,KERAS
MEPRO,Dosivec kaps 20's -," 68,376 ",ERDOSTEINE 300 MG,Infeksi bakteri,KERAS
MEPRO,Dosivec syr 60 ml -," 37,529 ",ERDOSTEINE 175 MG,Infeksi bakteri,KERAS
MEPRO,Eflin tab 100's -," 111,694 ","PSEUDOEPHEDRINE 60 MG, TRIPROLIDINE HCI 2,5 MG",Infeksi bakteri,BEBAS
MEPRO,Folaplus kapt 100's -," 61,304 ","FOLID ACID 400 MCG, VIT B6 6 MG, VIT B12 25 MCG",Anemia/kehamilan,BEBAS
MEPRO,Fucobac 100 kaps 30's -," 227,185 ",FUCOIDAN 100 MG,Infeksi bakteri,KERAS
MEPRO,Furamin injeksi 5's -," 49,783 ","FURSULTIAMINE HCI 2,5 MG, DEXTROSE ANHYDRATE 200 MG (1 AMPUL 10 ML)",Infeksi berat,KERAS
MEPRO,Gastrinal hd syr 120 ml -," 15,679 ","DRIED AL HIDROKSIDA 250 MG, MG TRISILATE 250 MG, SIMETICONE 50 MG",Maag/gastritis,BEBAS
MEPRO,Gastrinal hd tab 100's -," 44,444 ","DRIED AL HIDROKSIDA 250 MG, MG TRISILATE 250 MG, SIMETICONE 50 MG",Asam lambung,BEBAS
MEPRO,Glancer 100 mg tab 100's -," 222,111 ",REBAMIPIDE 100 MG TAB,Infeksi bakteri,KERAS
MEPRO,Hical tab chew 20's -," 21,637 ","CA 500 MG, VIT D3 200 IU, MG 150 MG, ZN 15 MG, F 1 MG",Tulang/kalsium,KERAS
MEPRO,Intunal forte tab (4 x 25) 100's -," 64,367 ","PARACETAMOL 500 MG, PHENYLPROPANOLAMINE HCI 15 MG, DEXCHLORPHENRIAMINE MALEATE 2 MG, GG 50 MG, DMP 15 MG",Diare/infeksi usus,BEBAS
MEPRO,Isofem fc tab 30's -," 77,738 ","ISOFLAVONE 50 MG, VIT C 100 MG, VIT E 10 MG, VIT D 400 IU, CALCIUM 200 MG, ZINC 15 MG",Hormon wanita,KERAS
MEPRO,Lycoq kaps 30's -," 104,937 ","LYCOPENE 5 MG, COQ10 30 MG, GRAPE SEED EXTRACE 10 MG, GREEN TEA EXTRACT 150 MG, NATURAL VIT E 100 IU",Antioksidan,KERAS
MEPRO,Mefix 500 mg tab 100's -," 69,597 ",ASAM MEFENAMAT 500 MG,Infeksi bakteri,KERAS
MEPRO,Mepro-k inj 5's -," 31,913 ","PHYTOMENADIONE 2,0 MG",Kekurangan kalium,KERAS
MEPRO,Meprobal 500 mcg kaps 100's -," 140,638 ",MECOBALAMINE 500 MCG,Vitamin B12,KERAS
MEPRO,Meprovent inhalation liquid 10's -," 63,492 ","IPRATROPIUM BROMIDE 0,5 MG, SALBUTAMOL 2,5 MG",Asma,KERAS
MEPRO,Meviton tab 100's -," 131,702 ","VIT B1 50 MG, VIT B2 25 MG, VIT B6 10 MG, VIT B12 5 MCG, VIT C 500 MG, NIKOTINAMIDA 50 MG, KALSIUM PANTOTENAT 20 MG",Vitamin,BEBAS
MEPRO,"Mucifat suspension ""strawberry"" 100 ml -"," 34,286 ",SUCRALFATE 500 MG,Batuk berdahak,KERAS
MEPRO,Mucos drop 20 ml -," 22,517 ",AMBROXOL 15 MG,Batuk bayi,BEBAS
MEPRO,Mucos syr 60 ml -," 10,769 ",AMBROXOL 15 MG,Batuk berdahak,BEBAS
MEPRO,Mucos tab 100's -," 49,728 ",AMBROXOL 30 MG,Batuk berdahak,BEBAS
MEPRO,Myores tab 100's -," 323,420 ",TIZANIDINE 2 MG,Nyeri otot,KERAS
MEPRO,Myotonic injeksi 10's -," 57,443 ",METHYLERGOMETRINE MALEATE 0.2 MG,Kejang otot,KERAS
MEPRO,Neo provigor kapt 30's -," 64,910 ","EPIMEDII EXTR 125 MG, DAMIANA EXTR 150 MG, MUIRA PUAMA EXTR 125 MG, SIBERIAN GINSENG EXTR 100 MG, L-ARGININE 250 MG, ZINC 15 M",Stamina,KERAS
MEPRO,Norages drop 20 ml -," 28,128 ",METAMIZOLE 250 MG,Demam/nyeri,KERAS
MEPRO,Norages injeksi 5's -," 25,651 ",METAMIZOLE 500 MG / 1 AMPOULE 2 ML,Nyeri berat,KERAS
MEPRO,Norages syr 60 ml -," 23,692 ",METAMIZOLE 250 MG,Demam/nyeri,KERAS
MEPRO,Opm 20 mg kaps 30's -," 260,981 ",OMEPRAZOLE 20 MG,GERD,KERAS
MEPRO,Orlibes 120 mg kaps (orlistat) 30's -," 197,552 ",ORLISTAT 120 MG,Obesitas,KERAS
MEPRO,Phenytoin 50 mg injeksi 5's -," 34,363 ",GENERIK MEPRO,Epilepsi,KERAS
MEPRO,"Polymem max 4,5 (11) x 4,5 (11) 1's -"," 50,262 ","MEMBRANE HYDROPHILIC POLYURETHANE, SURFACTANT, GLYCERIN, SUPERABSORBENT STARCH CO-POLYMER",Luka,KERAS
MEPRO,"Polymem max 6,5 (17) x 7,5 (19) 1's -"," 17,483 ","MEMBRANE HYDROPHILIC POLYURETHANE, SURFACTANT, GLYCERIN, SUPERABSORBENT STARCH CO-POLYMER",Luka,KERAS
MEPRO,Procalma licaps 30's -," 82,219 ","FISH OIL 18/12; EPA/DHA 400 MG, VIT E 4 MG, FOLIC ACID, 400 MCG, VIT B6 6 MG, VIT B12 25 MCG",Nyeri,BEBAS
MEPRO,Proceles tab 50's -," 55,049 ","BETAMETHASONE 0,25 MG, DEX-CTM 2 MG",Suplemen,KERAS
MEPRO,Procolic fc tab 100's -," 197,552 ","METAMIZOLE 250 MG, HYOSINE N BUTYLBROMIDE 10 MG",Kolik/nyeri perut,KERAS
MEPRO,Prodexon kapt 100's -," 25,243 ","DEXAMETASON 0,5 MG",Antiinflamasi,KERAS
MEPRO,Progeston tab 30's -," 75,728 ",ALLYLESTRENOL 5 MG,Hormon,KERAS
MEPRO,Prohistin 10 mg kapt 50's -," 156,865 ",LORATADIN 10 MG,Alergi,KERAS
MEPRO,Proimbus fc tab 30's -," 146,753 ","ECHINACEA EXTRACT 170 MG, REISHI MUSHROOM EXTRACT 150 MG, CALCIUM PANTOTHENATE 15 MG",Antivirus,BEBAS
MEPRO,Pronovir syr 60 ml -," 50,486 ",METHISOPRINOL 250 MG / ML,Virus,KERAS
MEPRO,Pronovir tab 20's -," 115,396 ",METHISOPRINOL 500 MG,Virus,KERAS
MEPRO,Proxidan 400 kapt 30's -," 82,417 ",D-A-TOCHOPHEROL 400 IU,Infeksi/nyeri,KERAS
MEPRO,Pyrexin supos 160 mg 10's -," 79,334 ",PARACETAMOL 160 MG,Demam anak,BEBAS
MEPRO,Pyrexin supos 80 mg 10's -," 57,698 ",PARACETAMOL 80 MG,Demam bayi,BEBAS
MEPRO,Reliv fc tab 30's -," 97,365 ","ALA 100 MG, CURCUMINOID  6 MG, VIT B1 5 MG, IT B2 3 MG, VIT B6 10 MG, VIT B12 5 MCG, PHYLLANTUS NIRURI 150 MG",Nyeri,BEBAS
MEPRO,Rinocet drop  20 ml -," 38,869 ",CETIRIZINE 10 MG,Alergi/flu,KERAS
MEPRO,Rotaver tab 100's -," 181,391 ",BETAHISTINE MESILATE 6 MG,Spasme otot,KERAS
MEPRO,Sirplus granul strawberry  200's -," 33,566 ",GULA ALAMI TABLET,Vitamin anak,BEBAS
MEPRO,Sirplus syr anggur 100 ml -," 11,189 ","GULA, AIR, PERISA ARTIFISIAL, PENGENTAL NATRIUM, KARBOKSIMETIL SELULOSA, PENGAWET NATRIUM BENZOAT, PERWARNA MAKANAN",Vitamin,BEBAS
MEPRO,Sirplus syr jeruk 100 ml -," 11,190 ","GULA, AIR, PERISA ARTIFISIAL, PENGENTAL NATRIUM, KARBOKSIMETIL SELULOSA, PENGAWET NATRIUM BENZOAT, PERWARNA MAKANAN",Vitamin,BEBAS
MEPRO,Sirplus syr melon 100 ml -," 11,398 ","GULA, AIR, PERISA ARTIFISIAL, PENGENTAL NATRIUM, KARBOKSIMETIL SELULOSA, PENGAWET NATRIUM BENZOAT, PERWARNA MAKANAN",Vitamin,BEBAS
MEPRO,Sirplus syr strawberry 100 ml -," 11,189 ","GULA, AIR, PERISA ARTIFISIAL, PENGENTAL NATRIUM, KARBOKSIMETIL SELULOSA, PENGAWET NATRIUM BENZOAT, PERWARNA MAKANAN",Vitamin,BEBAS
MEPRO,Spasmolit 10 mg tab 100's -," 197,552 ",HYOSINE N BUTYLBROMIDE 10 MG,Spasme/nyeri perut,KERAS
MEPRO,Supralysin 100 ml syr 100 ml -," 22,211 ","VIT B1 1,5 MG, VIT B2 2 MG, VIT B6 1 MG, VIT B12 5 MCG, VIT B3 20 MG, D-PANTHENOL 3 MG, VIT A 5.000 IU, VIT D 400 IU, VIT C 60 MG, LYSINE HCI 200 MG.",Suplemen otak,BEBAS
MEPRO,Supralysin drop 15 ml -," 20,360 ","VIT B1 1,5 MG, VIT B2 2 MG, VIT B6 1 MG, VIT B12 5 MCG, VIT B3 20 MG, D-PANTHENOL 3 MG, VIT A 5.000 IU, VIT D 400 IU, VIT C 25 MG, LYSINE HCI 50 MG.",Suplemen anak,BEBAS
MEPRO,Supramox 125 mg syr 60 ml -," 14,807 ",AMOXICILLIN 125 MG,Infeksi bakteri,KERAS
MEPRO,Supramox 250 mg syr 60 ml -," 22,211 ",AMOXICILLIN 250 MG,Infeksi bakteri,KERAS
MEPRO,Supramox 500 kaps 100's -," 173,093 ",AMOXICILLIN 500 MG,Infeksi bakteri,KERAS
MEPRO,Supramox drops 20 ml -," 14,871 ",AMOXICILLIN 100 MG,Infeksi bakteri,KERAS
MEPRO,Tb rif syr 120 ml -," 68,516 ",RIFAMPICIN 100 MG,Tuberkulosis,KERAS
MEPRO,Tb vit 6 syr 120  ml 120 ml -," 21,637 ","ISONIAZID 100 MG, VIT B6 10 MG",Vitamin B6,KERAS
MEPRO,Tb vit 6 tab 100's -," 56,818 ","ISONIAZID 400 MG, VIT B6 24 MG",Vitamin B6,KERAS
MEPRO,Tonotan 20 mg tab 50's -," 126,214 ",ISOXSUPRINE HCI 20 MG,Nyeri/antidepresan,KERAS
MEPRO,Tricker 150 fc 150 mg 50's -," 166,583 ",RANITIDIN 150 MG,Infeksi bakteri,KERAS
MEPRO,Tudiab tab 100's -," 86,547 ",METFORMIN 500 MG,Diabetes,KERAS
MEPRO,Veridin fc tab 30's -," 162,275 ",MICRONIAZED DIOSMIN / HESPERIDINE (90/10) 500 MG,Infeksi/antibiotik,KERAS
MEPRO,Vosteon fc tab 30's -," 93,287 ","GLUCOSAMINE HCI 250 MG, CHONDROITIN 200 MG, CA CITRATE 165 MG, IPRIFLAVONE 65 MG",Tulang/kalsium,BEBAS
MERCK,Neurobion tab (putih) 250's -," 557,911 ","VIT.B1 100 MG, VIT.B6 200 MG, VIT.B12 200 MCG",Saraf/vitamin B,BEBAS
MERSI,Allupurinol 100 mg tab 100's -," 18,681 ",GENERIK MERSI,Asam urat,KERAS
MERSI,Amoxixilin syr 125 mg 60 ml -," 4,172 ",GENERIK MERSI,Infeksi bakteri,KERAS
MERSI,Antasida doen syr 60 ml -," 3,330 ",GENERIK MERSI,Maag,KERAS
MERSI,Antasida doen tab 100's -," 10,656 ",GENERIK MERSI,Maag,KERAS
MERSI,Asam mefenamat 500 mg tab 100's -," 17,982 ",GENERIK MERSI,Nyeri,KERAS
MERSI,Asimat 500 mg kapt 100's -," 29,979 ",ASAM MEFENAMAT 500  MG,Nyeri,KERAS
MERSI,Calcium carbonate 500 mg tab 30's -," 20,069 ",GENERIK MERSI,Kalsium,BEBAS
MERSI,Clindamycin 300 mg kaps 50's -," 53,316 ",GENERIK MERSI,Infeksi bakteri,KERAS
MERSI,Furosemide 10 mg injeksi 25's -," 47,552 ",GENERIK MERSI,Edema/diuretik,KERAS
MERSI,Inha 400 mg tab 100's -," 49,345 ","ISONIAZID 400 MG, VIT B6 10 MG",Infeksi/TBC,KERAS
MERSI,Kalsium laktat 500 mg tab 100's -," 8,573 ",GENERIK MERSI,Kalsium,BEBAS
MERSI,Mersibion 5000 mg tab 50's -," 70,207 ","VIT.B1 100 MG, VIT.B6 100 MG, VIT.B12 5000 MCG.",Vitamin B,BEBAS
MERSI,Mersibion injeksi 10's -," 33,766 ","VIT B1 100 MG, VIT B6 100 MG, VIT B12 500 MCG",Vitamin B,KERAS
MERSI,Metamizole sodium 500 mg kap 100's -," 29,066 ",GENERIK MERSI,Nyeri/demam,KERAS
MERSI,Mokbios 500 mg kap 100's -," 22,000 ",AMOXICILLIN 500 MG,Infeksi bakteri,KERAS
MERSI,Paracetamol 120 mg syr 60 ml -," 3,539 ",GENERIK MERSI,Demam anak,BEBAS
MERSI,Paracetamol 500 mg tab 100's -," 11,986 ",GENERIK MERSI,Demam/nyeri,BEBAS
MERSI,Paracetamol infus 100 ml 100 ml -," 15,340 ",GENERIK MERSI,Demam (infus),KERAS
MERSI,Simvastatin 10 mg tab 30's -," 2,926 ",GENERIK MERSI,Kolesterol,KERAS
MERSI,Sinoric 100 mg tab 60's -," 16,159 ",ALLUPURINOL 100 MG,Asam urat,KERAS
MERSI,Sinoric 300 mg tab 30's -," 19,322 ",ALLUPURINOL 300 MG,Asam urat,KERAS
META RATNA,Asam mefenamat 500 mg tab (strip) 100's -," 21,000 ",GENERIK META RATNA,Nyeri,KERAS
META RATNA,Guaifenesin 100 mg tab 100's -," 10,256 ",GENERIK META RATNA,Batuk berdahak,BEBAS
MOLEX AYUS,Alpara kapt 150's -," 92,342 ","PARACETAMOL 500 MG, DMP 15 MG, PHENYLPROPANOLAMINE HCI 12,5 MG, CTM 2 MG",Flu/nyeri,BEBAS
MOLEX AYUS,Alpara syr 60 ml -," 11,000 ","PARACETAMOL 120 MG, DMP 10 MG, PHENYLPROPANOLAMINE HCI 10 MG, CTM 1 MG, ETANOL 8%",Flu anak,BEBAS
MOLEX AYUS,Alphamol kapt 150's -," 36,027 ",PARACETAMOL 600 MG,Demam/nyeri,BEBAS
MOLEX AYUS,Bevalex cr 5 gr -," 11,256 ","BETAMETHASONE 1 MG, NEOMISIN SULFAT 5 MG",Flu/batuk,KERAS
MOLEX AYUS,Dextral kapt 150's -," 94,301 ","DMP 10 MG, GG 50 MG, PHENYLPROPANOLAMINE HCI 12,5 MG, CTM 1 MG",Infeksi kulit,BEBAS
MOLEX AYUS,Fexazol cr 5 gr -," 4,399 ",KETOCONAZOLE 2%,Antijamur kulit,KERAS
MOLEX AYUS,Fucilex cr 5 gr -," 8,360 ",ASAM FUSIDAT 20 MG,Infeksi kulit,KERAS
MOLEX AYUS,Lexahist 4 mg tab 200's -," 19,094 ",CYPROHEPTADINE HCI 4 MG,Alergi,KERAS
MOLEX AYUS,Lexavon syr 60 ml -," 6,488 ",BROMHEXINE 4 MG,Batuk,BEBAS
MOLEX AYUS,Lexcomet 4 mg tab 100's -," 33,198 ",METHYLPREDNISOLONE 4 MG,Alergi,KERAS
MOLEX AYUS,Lexigo 6 mg tab  30's -," 12,605 ",BETAHISTINE MESILATE 6 MG,Alergi,KERAS
MOLEX AYUS,"Molacort 0,5 mg tab 100's -"," 14,851 ","DEXAMETASON 0,5 MG",Antiinflamasi,KERAS
MOLEX AYUS,"Molacort 0,75 mg tab 200's -"," 28,659 ","DEXAMETASON 0,75 MG",Antiinflamasi,KERAS
MOLEX AYUS,Molagit tab 150's -," 68,997 ","ATTAPULGITE 700 MG, PECTIN 50 MG",Maag,KERAS
MOLEX AYUS,Molakrim cr 30 gr -," 13,641 ","METHYL SALISILAT 102 MG, EUGENOL 13,6 MG, MENTHOL 53,4 MG, VANISHING CR 1 GR",Infeksi kulit,BEBAS
MOLEX AYUS,Molaneuron tab 50's -," 42,680 ","VIT B1 100 MG, VIT B6 200 MG, VIT B12 200 MG",Saraf,BEBAS
MOLEX AYUS,Molapect 30 mg tab 100's -," 29,071 ",AMBROXOL 30 MG,Batuk berdahak,KERAS
MOLEX AYUS,"Molasma 2,5 mg tab 50's -"," 8,579 ","TERBUTALIN SULFAT 2,5 MG",Asma,KERAS
MOLEX AYUS,Molexflu kapt 150's -," 61,512 ","PARACETAMOL 500 MG, PHENYLPROPHANOLAMINE HCI 12,5 MG, CTM 2 MG",Flu,BEBAS
MOLEX AYUS,Molexflu pe kapt 100's -," 46,197 ",GENERIK OTTO,Flu + hidung tersumbat,BEBAS
MOLEX AYUS,Molexflu syr 60 ml -," 8,030 ","PARACETAMOL 125 MG, PHENYLPROPHANOLAMINE HCI 3,125 MG, CTM 0,5 MG",Flu anak,BEBAS
MOLEX AYUS,Pritacort tab 150's -," 33,009 ","DEXAMETASON 0,5 MG, DEXCHLOPENIRAMINE MALEATE 2 MG",Antiinflamasi,KERAS
MOLEX AYUS,Thiamfilex 500 mg kaps 100's -," 104,999 ",THIAMFENICOL 500 MG,Vitamin B1,KERAS
MULIA,Eperisone 50 mg tab 50's -," 37,962 ",GENERIK MULIA,Spasme otot,KERAS
MULIA,Loratadin 10 mg tab 100's -," 14,652 ",GENERIK MULIA,Alergi,KERAS
MULIA,Mecobalamine 500 mg tab 100's -," 43,956 ",GENERIK MULIA,Saraf,KERAS
MULIA,Salbutamol 2 mg tab 100's -," 10,390 ",GENERIK MULIA,Asma,KERAS
MUTIFA,Salbutamol 4 mg tab 100's -," 14,652 ",GENERIK MULIA,Asma,KERAS
MUTIFA,Esprigen 50 mg 50's -," 35,296 ",EPERISONE 50 MG,Nyeri,KERAS
MUTIFA,Omecidal tab 100's -," 29,855 ",MEBHIDROLIN 50 MG,Maag,KERAS
MUTIFA,Omecough syr 60 ml -," 6,272 ","PARACETAMOL 120 MG, CTM 1 MG, DMP 7,5 MG, GUAIFENESIN 37,5 MG",Batuk,BEBAS
MUTIFA,Omedom syr 60 ml -," 5,372 ",DOMPERIDON 5 MG,Mual muntah,KERAS
MUTIFA,Omedom tab 100's -," 21,383 ",DOMPERIDON 10 MG,Mual muntah,KERAS
MUTIFA,"Omegdiar syr ""strawberry"" 60 ml -"," 5,250 ","KAOLIN 986,67 MG, PECTIN 22 MG",Diare,BEBAS
MUTIFA,Omegesic fc tab 100's -," 47,490 ","METAMPIRON 500 MG, VIT B1 50 MG, VIT B6 100 MG, VIT B12 100 MCG",Nyeri,BEBAS
MUTIFA,Omegrip syr strawberry 60 ml -," 5,006 ",PARACETAMOL 120 MG,Alergi,BEBAS
MUTIFA,Omegtamine tab 300's -," 56,572 ","DEXCHLOPHENIRAMINE MALEATE 2 MG, DEXAMETASON 0,5 MG",Alergi,KERAS
MUTIFA,Omekur tab 100's -," 18,619 ",CIMETIDINE 200 MG,Infeksi,KERAS
MUTIFA,Omellegar kap 100's -," 24,420 ",LORATADIN 10 MG,Alergi/asma,KERAS
MUTIFA,Omellegar syr 60 ml -," 5,006 ",LORATADIN 5 MG,Alergi/asma,KERAS
MUTIFA,Omemox 125 mg dry syr 60 ml -," 5,361 ",AMOXICILLIN 125 MG,Infeksi bakteri,KERAS
MUTIFA,Omemox 500 mg tab 100's -," 55,944 ",AMOXICILLIN 500 MG,Infeksi bakteri,KERAS
MUTIFA,Omenizol syr 60 ml -," 5,333 ",METRONIDAZOLE 125 MG,Infeksi parasit,KERAS
MUTIFA,Omeproksil tab 100's -," 50,971 ",CIPROFLOXACIN 500 MG,Infeksi bakteri,KERAS
MUTIFA,Omeretik 100's tab 100's -," 19,965 ",PIROXICAM 20 MG,Edema/diuretik,KERAS
MUTIFA,Omeric 100 tab 100's -," 27,473 ",ALLUPURINOL 100 MG,Nyeri,KERAS
MUTIFA,Omeric 300 tab 100's -," 58,564 ",ALLUPURINOL 300 MG,Nyeri,KERAS
MUTIFA,Omeroxol syr 60 ml -," 5,106 ",AMBROXOL 15 MG,Batuk berdahak,KERAS
MUTIFA,Omeroxol tab 100's -," 17,032 ",AMBROXOL 30 MG,Batuk berdahak,KERAS
MUTIFA,Omestan 500 mg blister tab 100's -," 33,333 ",ASAM MEFENAMAT 500 MG,Nyeri,KERAS
MUTIFA,Omestan syr 60 ml -," 7,082 ",ASAM MEFENAMAT 50 MG,Demam,KERAS
MUTIFA,Ometilson tab 4 mg tab 100's -," 39,782 ",METHYLPREDNISOLONE 4 MG,Alergi,KERAS
MUTIFA,Omezyrteks syr 60 ml -," 2,864 ",CETIRIZINE 5 MG,Alergi,KERAS
MUTIFA,Pacdin cough syr  60 ml -," 5,470 ","PARACETAMOL 120 MG, GUAIFENESIN 50 MG, CTM 1 MG, ETHANOL 7,5%",Batuk,BEBAS
NICHOLAST,Aptor tab 100's -," 20,729 ",CARBIMAZOLE BP 5 MG,Alergi,KERAS
NICHOLAST,Ferriz syr 100 ml -," 40,085 ",FE SODIUM EDTA 15 MG,Anemia,KERAS
NICHOLAST,Nichomycin 500 mg kaps 50's -," 88,578 ",LINCOMYCIN 500 MG,Infeksi bakteri,KERAS
NICHOLAST,Polycrol forte syr 100 ml -," 24,494 ","AL HIDROKSIDA 400 MG, MAGNESIUM HYDROXIDE 200 MG, SIMETIKON 80 MG",Maag,KERAS
NICHOLAST,Ranicho syr 60 ml -," 53,648 ","PSEUDOEPHEDRINE 60 MG, TRIPROLIDINE HCI 2,5 MG",Maag,KERAS
NOVAPHARIN,Amoxixilin 500 mg kapt 100's -," 44,275 ",GENERIK NOVAPHARIN,Infeksi bakteri,KERAS
NOVAPHARIN,Ampicilin 500 mg tab 100's -," 54,626 ",GENERIK NOVAPHARIN,Infeksi bakteri,KERAS
NOVAPHARIN,Griseofulvin 125 mg tab 100's -," 37,834 ",GENERIK NOVAPHARIN,Infeksi jamur,KERAS
NOVAPHARIN,Ibuprofen 200 mg tab 100's -," 20,604 ",GENERIK NOVAPHARIN,Nyeri,KERAS
NOVAPHARIN,Ibuprofen 400 mg tab 100's -," 22,754 ",GENERIK NOVAPHARIN,Nyeri,KERAS
NOVAPHARIN,Loperamide 2 mg tab 100's -," 11,644 ",GENERIK NOVAPHARIN,Diare,KERAS
NOVAPHARIN,Novaflox 500 mg kap 100's -," 49,501 ",CIPROFLOXACIN 500 MG,Infeksi bakteri,KERAS
NOVAPHARIN,Novagesic 500 mg kapt 100's -," 20,628 ",PARACETAMOL 500 MG,Nyeri/demam,BEBAS
NOVAPHARIN,Novakal 500 mg tab 1000's -," 79,200 ",KALSIUM LAKTAT 500 MG,Kalsium,KERAS
NOVAPHARIN,Novastan 500 mg tab 100's -," 29,434 ",ASAM MEFENAMAT 50 MG / 5 ML,Nyeri,KERAS
NOVAPHARIN,Novaxicam 20 mg kap 100's -," 22,978 ",PIROXICAM 20 MG,Nyeri,KERAS
NOVAPHARIN,Nuvopec tab 100's -," 16,421 ",AMBROXOL 30 MG,Batuk/alergi,KERAS
NOVAPHARIN,Omeprazole 20 mg kaps 100's -," 24,569 ",GENERIK NOVAPHARIN,Asam lambung,KERAS
NOVAPHARIN,Piroxicam 10 mg tab 100's -," 10,979 ",GENERIK NOVAPHARIN,Nyeri,KERAS
NOVAPHARIN,Piroxicam 20 mg tab 100's -," 12,599 ",GENERIK BERNOFARM,Nyeri,KERAS
NOVAPHARIN,Rosidon 10 mg tab 100's -," 19,232 ",DOMPERIDON 10 MG,Psikiatri,KERAS
NOVAPHARIN,Simvastatin 10 mg tab 100's -," 13,063 ",GENERIK NOVAPHARIN,Kolesterol,KERAS
NOVAPHARIN,Simvastatin 20 mg tab 100's -," 21,765 ",GENERIK NOVAPHARIN,Kolesterol,KERAS
NOVAPHARIN,Tetracycline 500 mg tab 100's -," 132,090 ","BETAMETHASONE 0.25, DEXCHLOPENIRAMINE 2 MG",Infeksi bakteri,KERAS
NOVAPHARIN,Vastral kap 100's -," 41,502 ","VIT B1 100 MG, VIT B6 100 MG, VIT B12 200 MCG.",Jantung,BEBAS
NOVAPHARIN,Vitamin b komplex tab 100's -," 9,210 ",GENERIK PHAPROS,Vitamin B,BEBAS
NOVEL,"Bisoprolol 2,5 mg tab 100's -"," 42,735 ",GENERIK NOVEL,Hipertensi,KERAS
NOVEL,Lacto b 40's -," 316,420 ","SERBUK KRIM NABATI, DEKSTROSA, CAMPURAN BAKTERI LAKTAT (LACTOBACILLUS ACIDOPHILUS, BIFIDOBACTERIUM LONGUM, STREPTOCOCCUS THERMOPHILLUS), VIT C, VIT B1, VIT B2, VIT B6, NIACIN, ZINC",Probiotik,KERAS
NOVEL,Lisinopril 10 mg tab 30's -," 17,121 ",GENERIK NOVEL,Hipertensi,KERAS
NOVEL,Thiamazole 10 mg tab 100's -," 120,840 ",GENERIK HEXPARM JAYA,Tiroid,KERAS
NOVEL,Thiamazole 5 mg tab 100's -," 70,335 ",GENERIK NOVEL,Tiroid,KERAS
NOVEL,Triamcinolone 4 mg tab 100's -," 75,077 ",GENERIK NOVEL,Antiinflamasi,KERAS
NUFARINDO,Bronchitin syr 60 ml -," 7,335 ","PARACETAMOL 120 MG, GUAIFENESIN 100 MG, PHENYLEPHRINE 2,5 MG",Batuk,BEBAS
NUFARINDO,Colfin kapt 100's -," 80,632 ","ACETAMINOPHEN 500 MG, PHENYLPROPANOLAMINE HCL 15 MG, AMMONIUM CL 100 MG, CHLORPHENAMINE MALEATE 1 MG, DEXTROMETHORPHAN HBR 10 MG, GUAIFENESIN 100 MG,",Flu/batuk,BEBAS
NUFARINDO,Colfin syr 60 ml -," 8,641 ","ACETAMINOPHEN 120 MG, DMP 5 MG, CTM 0.5 MG, PHENYLPROPANOLAMINE HCL 3.5 MG.",Flu anak,BEBAS
NUFARINDO,Gastrucid syr 60 ml -," 7,505 ","MG (OH)2 325 MG, AL (OH)3 325 MG, DIMETHYLPOLYSILOXANE 50 MG",Maag,BEBAS
NUFARINDO,Gastrucid tab 100's -," 34,511 ","MG (OH)2 325 MG, AL (OH)3 325 MG, DIMETHYLPOLYSILOXANE 50 MG",Maag,BEBAS
NUFARINDO,Inamid 2 mg tab 100's -," 20,796 ",LOPERAMID 2 MG,Diare,KERAS
NUFARINDO,Lansoprazole 30 mg tab 20's -," 11,451 ",GENERIK MAHAKAM,Asam lambung,KERAS
NUFARINDO,"Nufadex 0,5 mg tab 100's -"," 18,623 ","DEXAMETASON 0,5 MG",Antiinflamasi,KERAS
NULAB,Mecobalamine 500 mg kap 100's -," 54,544 ",GENERIK NULAB,Saraf,KERAS
OTSUKA,Dextrose 10% (d10 / glukosa) 500 cc -," 12,176 ",DEXTROSE MONOHYDRATE 50 G,Cairan/energi,KERAS
OTSUKA,Dextrose 40% (d 40) 25 ml -," 10,427 ",DEXTROSE 400 MG,Hipoglikemia,KERAS
OTSUKA,Magnesium sulfate 20 (mg-s04-20) 25 CC - ," 6,673 ",MAGNESIUM SULFATE 200 MG ,Kejang/elektrolit,KERAS
OTSUKA,"Meylon 8,4% 25 cc 25 CC - "," 10,132 ",Natrium Bikarbonat,Asidosis,KERAS
OTSUKA,Nacl 25 cc 25 cc - ," 4,422 ","NaCl 0,9% (Sodium Chloride) 25 cc",Cairan/elektrolit,KERAS
OTSUKA,Ringer lactate (rl) 500 ml -," 10,283 ","Natrium  Klorida , Kalium, Kalsium , dan Laktat",Rehidrasi,KERAS
OTSUKA,"Sodium chloride 0,9% (nacl) 500 ml -"," 9,922 ","SODIUM CHLORIDE 0,9 G",Rehidrasi,KERAS
OTSUKA,Wi-water injection 25 cc 25 CC -," 3,423 ",WATER FOR INJECTION,Pelarut injeksi,KERAS
OTTO,Esomeprazole 40 mg injeksi 1's -," 15,001 ",GENERIK OTTO,Asam lambung,KERAS
OTTO,Hyosine n-butylbromide 10 mg injeksi  5's -," 50,350 ",GENERIK OTTO,Spasme perut,KERAS
PHARMACORE,Glycore 10% cream 10 cr -," 24,540 ",GLYCOLIC ACID 10%,Diabetes,BEBAS
PHARMACORE,Mesone salep 10 gr -," 56,000 ",MOMETHASONE FUROATE 1 MG,Antiinflamasi kulit,KERAS
PHAROS,Aclonac 25 mg tab 30's -," 22,842 ",DICLOFENAC POTTASIUM 25 MG,Nyeri,KERAS
PHAROS,Albusmin kaps 30's -," 143,343 ",CHANNA STRIATA (EKSTRAK IKAN GABUS) 480 MG,Suplemen,BEBAS
PHAROS,Altadis 2% cr 10 gr -," 17,403 ",MICONAZOLE NITRATE 20 MG,Antijamur,KERAS
PHAROS,Ascardia 80 mg tab 100's -," 95,230 ",ACETOSAL 80 MG,Jantung,KERAS
PHAROS,Candistin 100.000 iu drop 12 ml -," 34,806 ",NYSTATIN 100.000 IU,Antijamur,KERAS
PHAROS,Clinovir cr 5 gr -," 36,531 ",Clinovir cr 5 gr,Antivirus kulit,KERAS
PHAROS,Disflatyl 10 mg tab 100's -," 50,698 ",EKSTRAK MINYAK HATI IKAN HIU 500 MG,Kembung,BEBAS
PHAROS,Fishqua new caps 30's -," 74,205 ",Fishqua new caps 30's,Suplemen,KERAS
PHAROS,Liposin salep 10 gr -," 36,740 ","NEOMICIN SULFATE 5 MG, BACITRACIN 250 IU, POLYMYXIN B SULFATE 10.0000 IU, LIDOCAIN HCI 40 MG",Infeksi kulit,KERAS
PHAROS,Microlac gel enema  5 ml -," 19,263 ","NA LAURYL SULFOACETATE 45 MG, NA CITRATE 450 MG, SORBIC ACID 5 MG, SORBITOL 4.465 MG, PEG-400 625 MG",Konstipasi,KERAS
PHAROS,Microlac gel enema isi 3 tube 5 ml -," 51,825 ","NA LAURYL SULFOACETATE 45 MG, NA CITRATE 450 MG, SORBIC ACID 5 MG, SORBITOL 4.465 MG, PEG-400 625 MG",Konstipasi,KERAS
PHAROS,Nebacetin oint 5 gr -," 22,237 ","NEOMYCIN SULFATE 5 MG, BACITRACIN 250 IU",Infeksi kulit,KERAS
PHAROS,Nebacetin powder 5 gr -," 23,687 ","NEOMYCIN SULFATE 5 MG, BACITRACIN 250 IU",Infeksi kulit,KERAS
PHAROS,Nourish skin glow 30 tab 30's -," 135,356 ",Nourish skin glow 30 tab,Suplemen kulit,BEBAS
PHAROS,Omepros capsule  30's -," 113,713 ","OMEGA 3,6,9 DAN DHA, EPA, VIT E",Asam lambung,BEBAS
PHAROS,Ozen syr 60 ml -," 38,093 ",CETIRIZINE 5 MG,Infeksi,KERAS
PHAROS,Polysilane junior granul 60's -," 38,190 ",SIMETHICONE 40 MG,Maag/kembung,BEBAS
PHAROS,Polysilane max tab 40's -," 59,566 ","FAMOTIDINE 10 MG, CALCIUM CARBONATE 800 MG, MAGNESIUM HIDROKSIDA 165 MG",Maag/kembung,BEBAS
PHAROS,Polysilane susp 100 ml 100 ml -," 20,739 ","DIMETHYLPOLYSILOXANE 80 MG, AL HIDROKSIDA 200 MG, MAGNESIUM HYDROXIDE 200 MG",Maag/kembung,BEBAS
PHAROS,Polysilane susp 180 ml 180 ml -," 29,208 ","DIMETHYLPOLYSILOXANE 80 MG, AL HIDROKSIDA 200 MG, MAGNESIUM HYDROXIDE 200 MG",Maag/kembung,BEBAS
PHAROS,Polysilane tab 40's -," 37,157 ","AL HIDROKSIDA 200 MG, MG HYDROXIDE 200 MG, DIMETHICONE 80 MG",Maag/kembung,BEBAS
PHAROS,Praxion 125 mg syr 60 ml -," 20,954 ",PARACETAMOL 120 MG,Infeksi bakteri,BEBAS
PHAROS,Praxion 250 mg syr 60 ml -," 26,887 ",PARACETAMOL 250 MG,Infeksi bakteri,BEBAS
PHAROS,Proris triple action 100's -," 77,419 ",IBUPROFEN 200 MG,Nyeri/demam,BEBAS
PHAROS,Salbuven exp syr 100 ml -," 40,205 ","SALBUTAMOL SULFATE 1.2 MG, GUAIFENESIN 50 MG",Batuk/asthma,KERAS
PIM,Cetiripim tab 100's -," 9,830 ",CETIRIZINE 10 MG,Alergi,KERAS
PIM,Pimacolin milk syr 60 ml -," 8,360 ","ACETAMINOPHENUM 125 MG, GUAIFENESIN 50 MG, EPHEDRINE 2 MG, CHLORPHENIMINE MALEAT 1,5 MG",Batuk anak,BEBAS
PIM,Pimtrakol cherry syr 60 ml -," 13,757 ","PARACETAMOL 125 MG, GLYCERILLIS GUAIACOLAS 50 MG, EPHEDRINI HCI 2 MG, CHLORPHENIRAMIN MALEAT 1 MG",Batuk,BEBAS
PIM,Pimtrakol fitotorant syr 60 ml -," 13,555 ",HEDERA HELIX FOLIUM EKSTRAK (DAUN IVY KERING) 150 MG,Batuk,BEBAS
PIM,Pimtrakol lemon syr  60 ml -," 13,757 ","PARACETAMOL 125 MG, GLYCERILLIS GUAIACOLAS 50 MG, EPHEDRINI HCI 2 MG, CHLORPHENIRAMIN MALEAT 1 MG",Batuk,BEBAS
PYRIDAM,Arbupon 400 mg kaplet  100's -," 40,602 ",IBUPROFEN 400 MG,Nyeri,KERAS
PYRIDAM,Arbupon syr 60 ml 60 ml -," 4,934 ",IBUPROFEN 100 MG,Nyeri,KERAS
PYRIDAM,Astherin kaplet 100's -," 21,345 ",TERBUTALIN SULFAT 2.5 MG,Asma,KERAS
PYRIDAM,Betahistine mesilate 6 mg tab 100's -," 17,938 ",GENERIK PYRIDAM,Vertigo,KERAS
PYRIDAM,Clindamycin 300 mg kaps 100's -," 113,707 ",GENERIK PYRIDAM,Infeksi bakteri,KERAS
PYRIDAM,Cotrim syr 60 ml -," 5,751 ","TRIMETHOPRIM 40 MG, SULFAMETHOXAZOLE 200 MG",Infeksi bakteri,KERAS
PYRIDAM,Flutamol syr 60 ml -," 6,441 ","PARACETAMOL 125 MG, GG 12,5 MG, PHENYLPROPANOLAMINE HCI 3,5 MG, CTM 0,5 MG, ETANOL 2%",Flu/batuk,BEBAS
PYRIDAM,Flutamol tab 100's -," 42,378 ","PARACETAMOL 500 MG, GG 50 MG, PHENYLPROPANOLAMINE HCI 15 MG, CTM 2 MG",Flu/batuk,BEBAS
PYRIDAM,Microtina kaps 100's -," 67,946 ",CHRLORAMPENICOL 250 MG,Vitamin,KERAS
PYRIDAM,Neuropyramin - m kapsul 100's -," 40,755 ","METAMPIRON 500 MG, VIT B1 100 MG, VIT B6 200 MG, VIT B12 200 Mcg",Saraf,KERAS
PYRIDAM,Neuropyramin kapsul 100's -," 44,554 ","VIT B1 100 MG, VIT B6 200 MG, VIT B12 200 UG",Saraf,BEBAS
PYRIDAM,Prostanac 50 mg kaplet 50's -," 7,506 ",DICLOFENAC SODIUM 50 MG,Prostat,KERAS
PYRIDAM,Pyradexon kapt 200's -," 19,181 ","DEXAMETASON 0,5 MG",Antiinflamasi,KERAS
PYRIDAM,Rosuvastatin 20 mg tab 30's -," 41,099 ",FAMOTIDINE 40 MG,Kolesterol,KERAS
PYRIDAM,Sangovitin kaps 100's -," 28,755 ","FERROUS GLUCONATE 250 MG, MANGANESE SULFATE 0,2MG, COPPER SULFATE 0,2 MG, VIT C 50 MG, FOLIC ACID 1 MG, VIT B12 7,5 Mcg, SORBITOL POWDER 25 MG",Anemia,BEBAS
PYRIDAM,Vibramox 500 mg kaplet 100's -," 55,752 ",AMOXICILLIN 500 MG,Infeksi bakteri,KERAS
RAMA,Allupurinol 100 mg blister 100's -," 18,135 ",GENERIK RAMA,Asam urat,KERAS
RAMA,Amoxixilin 500 mg tab 100's -," 45,625 ",GENERIK RAMA,Infeksi bakteri,KERAS
RAMA,Calortusin tab 100's -," 48,283 ","PARACETAMOL 500 MG, DMP 15 MG,FENILPROPANOLAMIN 15 MG, CTM 2MG",Flu,BEBAS
RAMA,Dexclosan tab 100's -," 13,800 ","DEKSLORFENIRAMIN MALEAT 2 MG, DEXAMETASON MICRONISED 0.5 MG",Antiinflamasi,KERAS
RAMA,Dolorstan forte kapt 100's -," 27,000 ",MEFENAMIC ACID 500 MG,Nyeri,KERAS
RAMA,Ibuprofen 400 mg tab 100's -," 21,052 ",GENERIK RAMA,Nyeri,KERAS
RAMA,Ramagesic 500 mg kap 100's -," 19,040 ",PARACETAMOL 500 MG,Nyeri/demam,BEBAS
RAMA,Ramolit sachet jeruk (isi 50 baru) 50's -," 24,150 ","DEXTROSE 2,7 GR, SODIUM CHLORIDE 0,52 GR, POTASSIUM CHLORIDE 0,30 GR, TRISODIUM CITRATE 0,58 GR",Flu,BEBAS
RAMA,Ramoxyl 500 mg kap 100's -," 52,065 ",AMOXICILLIN 500 MG,Infeksi bakteri,KERAS
RAMA,Ranacid tab 100's -," 18,558 ","MG(OH)2 200 MG, AL HIDROKSIDA 200 MG, DIMETHYLPOLYSILOXANE 20 MG",Maag,BEBAS
RAMA,Tera f kaps 100's -," 47,560 ","PARACETAMOL 650 MG, GG 50 MG, PHENYLPROPANOLAMINE 15 MG, CTM 2 MG",Flu/batuk,BEBAS
SAMCO,Amlodipine 10 mg tab 100's -," 10,939 ",GENERIK SAMCO,Hipertensi,KERAS
SAMCO,Amlodipine 5 mg tab 100's -," 9,124 ",GENERIK SAMCO,Hipertensi,KERAS
SAMCO,Betamin b1 100 mg dragee 100's -," 33,351 ",Betamin b1 100 mg dragee,Vitamin B1,BEBAS
SAMCO,Bundavin kapt (dragee) 100's -," 41,401 ","VIT A 6000 IU, VIT D 400 IU, VIT B1 10 MG, VIT B2 2,5 MG, VIT B6 15 MG, VIT B12 4 MG, NICO 20 MG, CALCIUM PANTO 7,5 MG, FE (II) FU 90 MG, CAL PHOS",Vitamin,BEBAS
SAMCO,Coric 100 mg tab 100's -," 24,149 ",ALLUPURINOL 100 MG,Nyeri,KERAS
SAMCO,Corizine 10 mg tab 100's -," 11,953 ",CETIRIZINE 10 MG,Alergi,KERAS
SAMCO,Diaramid 2 mg tab 100's -," 10,465 ",LOPERAMID 2 MG,Diare,KERAS
SAMCO,Domestrium 10 mg tab 100's -," 18,859 ",DOMPERIDON 10 MG,Mual muntah,KERAS
SAMCO,Horvita g kapt 100's -," 69,651 ",Horvita g kapt 100's,Suplemen,KERAS
SAMCO,Obat gigi kakak tua 2 ml -," 12,261 ","HEXACHLOROCYLOHEXANE 0,5%",Kesehatan gigi,BEBAS
SAMCO,Phenzacol kapt 100's -," 36,120 ","PARACETAMOL 500 MG, PHENYLPROPANOLAMIN 15 MG, CTM 2 MG, DMP HBR 15 MG",Nyeri,BEBAS
SAMCO,Samcobion kaps 100's -," 19,511 ","FERROUS FUMARATE 250 MG MANGANESE SULFATE 0,2 MG CUPRIC SULFATE 0,2 MG FOLIC ACID 4 MG CYANOCOBALAMIN 7,5 MG SORBITOL 2 MG",Vitamin B,BEBAS
SAMCO,Samcofenac 50 mg tab 100's -," 20,629 ",NATRIUM DIKLOFENAK 50 MG,Nyeri,KERAS
SAMCO,Samcohistin tab 100's -," 15,409 ",BETAHISTINE MESILATE 6 MG,Alergi,KERAS
SAMCO,Samcorbex kapt 100's -," 55,847 ",VITAMIN B1 100 MG,Vitamin,KERAS
SAMCO,Samcovask 10 mg tab 100's -," 26,914 ",AMLODIPINE 10 MG,Vitamin,KERAS
SAMCO,Sammoxin forte 500 mg kapt 100's -," 52,275 ",AMOXICILLIN 500 MG,Infeksi bakteri,KERAS
SAMCO,Samquinor tab 100's -," 51,919 ",CIPROFLOXACIN 500 MG,Malaria,KERAS
SAMCO,Samrox 20 mg kap 100's -," 25,388 ",PIROXICAM 20 MG,Asam lambung,KERAS
SAMCO,Samtaflam 50 mg tab 100's -," 14,962 ",DICLOFENAC POTTASIUM 50 MG TAB,Nyeri,KERAS
SAMCO,Vitamin b complex + vit b12 100's -," 18,746 ",VITAMIN B KOMPLEX + VIT B1 12,Vitamin B,BEBAS
SAMPHARINDO,Acetylcysteine 200 mg kapsul 100's -," 50,153 ",GENERIK SAMPHARINDO,Batuk berdahak,KERAS
SAMPHARINDO,Alerzin syr 60 ml -," 5,017 ",CETIRIZINE 5 MG,Alergi,KERAS
SAMPHARINDO,Axaprofen kapt 100's -," 39,072 ","PARACETAMOL 350 MG, IBUPROFEN 200 MG",Nyeri,KERAS
SAMPHARINDO,"Carbidu 0,5 mg tablet 100's -"," 29,493 ","DEXAMETASON 0,5 MG",Antiinflamasi,KERAS
SAMPHARINDO,"Carbidu 0,75 mg tablet 200's -"," 34,906 ","DEXAMETASON 0,75 MG",Antiinflamasi,KERAS
SAMPHARINDO,Cardipin 10 mg tab 50's -," 20,069 ",AMLODIPINE 10 MG,Jantung,KERAS
SAMPHARINDO,Cargesic 500 mg tab 100's -," 31,751 ",ASAM MEFENAMAT 500 MG,Nyeri,KERAS
SAMPHARINDO,Carsida syr 60 ml -," 7,692 ","AL HIDROKSIDA 250 MG, MAGNESIUM HYDROXIDE 250 MG, SIMETIKON AKTIF 50 MG",Batuk,BEBAS
SAMPHARINDO,Carsida tab 100's -," 27,682 ","AL HIDROKSIDA 250 MG, MAGNESIUM HYDROXIDE 250 MG, SIMETIKON AKTIF 50 MG",Batuk,BEBAS
SAMPHARINDO,Cortavask 20 mg tab 50's -," 14,653 ",SIMVASTATIN 20 MG,Kolesterol,KERAS
SAMPHARINDO,Ibuprofen 100 mg syr 60 ml -," 4,599 ",GENERIK SAMPHARINDO,Nyeri anak,KERAS
SAMPHARINDO,Kofiren tab  200's -," 18,651 ",CHLORPENIRAMIN MALEAT 4 MG,Batuk,KERAS
SAMPHARINDO,Loperamide 2 mg tab 100's -," 11,143 ",GENERIK SAMPHARINDO,Diare,KERAS
SAMPHARINDO,Mantino 50 mg tab 100's -," 27,304 ",DIMENHYDRANITE 50 MG,Saraf,KERAS
SAMPHARINDO,Mexon syr 60 ml -," 4,973 ","DEXAMETASON 0,5 MG, DEXCHLOPENIRAMINE MALEATE 2 MG",Batuk,KERAS
SAMPHARINDO,Miracloven 50 mg tab 100's -," 18,320 ",DICLOFENAC SODIUM 50 MG,Nyeri,KERAS
SAMPHARINDO,Mirapect 15 mg syr  60 ml -," 5,596 ",AMBROXOL 15 MG,Batuk berdahak,BEBAS
SAMPHARINDO,Mirapect 30 mg tab 100's -," 17,097 ",AMBROXOL 30 MG,Batuk berdahak,BEBAS
SAMPHARINDO,Mirasic 500 mg kapt 100's -," 29,367 ",PARACETAMOL 500 MG,Nyeri,BEBAS
SAMPHARINDO,Mirasic forte kapt 100's -," 34,588 ",PARACETAMOL 650 MG,Nyeri,BEBAS
SAMPHARINDO,Mirasic plus kapt 100's - 36.632," 36,632 ","PARACETAMOL 650 MG, CAFFEINE 50 MG",Nyeri,BEBAS
SAMPHARINDO,Mirasic syr 60 ml - ," 6,322 ",PARACETAMOL 120 MG,Nyeri (sirup),BEBAS
SAMPHARINDO,Miratrim syr 60 ml -," 7,437 ","TRIMETROPRIM 40 MG, SULFAMTOKSAZOL 200 MG",Batuk,KERAS
SAMPHARINDO,Miratrim tablet  100's -," 32,031 ",RANITIDIN 150 MG,Batuk,KERAS
SAMPHARINDO,Miravon tab  100's -," 14,080 ",BROMHEXINE HCI 8 MG,Batuk,BEBAS
SAMPHARINDO,Purinic 100 mg tab 100's -," 25,531 ",ALLUPURINOL 100 MG,Asam urat,KERAS
SAMPHARINDO,Retrofen 100 mg kaps 50's -," 57,942 ",KETOPROFEN 100 MG,Nyeri,KERAS
SANBE,Mefinal 500 mg 100's -," 178,982 ",ASAM MEFENAMAT 500 MG,Nyeri,KERAS
SANBE,Sanmol 500 mg 100's -," 56,349 ",PARACETAMOL 500 MG,Demam/nyeri,BEBAS
SANBE,Sanmol drop syr 20 ml 20'ml -," 21,014 ",PARACETAMOL 60 MG,Demam anak,BEBAS
SANBE,Sanmol syr 60 ml 60'ml -," 19,406 ",PARACETAMOL 120 MG,Demam anak,BEBAS
SELES,Amlodipin 5 mg tab 30's -," 3,125 ",GENERIK DEXA,Hipertensi,KERAS
SELES,Antasida doen tab blister 100's -," 9,375 ","DEXAMETASON 0,75 MG",Maag,BEBAS
SELES,Cotrimoxazole 480 mg tab 100's -," 22,040 ",GENERIK IFI,Infeksi bakteri,KERAS
SELES,Methylprednisolon 8 mg tab 100's -," 29,253 ",GENERIK SELES,Antiinflamasi,KERAS
SELES,Paracetamol 500 mg tab 100's -," 12,600 ",PARACETAMOL 500 MG,Demam/nyeri,BEBAS
SELES,Selesmol 500 mg tab 100's -," 19,624 ",PARACETAMOL 500 MG,Demam/nyeri,BEBAS
SINDE,Balsem kuning cap badak (20) 20 gr -," 7,397 ",Balsem kuning cap badak,Nyeri otot,BEBAS
STERLING,Triaminic batuk & pilek 60 ml -," 75,385 ","PSEUDOEPHEDRINE HCL 15 MG, DEXTROMETHORPHAN HBR 5 MG",Flu anak,BEBAS
SYNERGY,Caldana flex kapt 30's -," 79,914 ","KALSIUM CARBONAT 500 MG, GLUCOSAMINE 750 MG, VIT D3 5 MCG, MAGNESIUM 5 MG ZINC 7,5 MG",Suplemen sendi,BEBAS
TAISHO,Kenalog cr 5 gr -," 70,420 ","TRIAMCINOLONE ACETONIDE 0,1%",Antiinflamasi kulit,KERAS
TAISHO,Tempra drops 15 ml -," 45,895 ",PARACETAMOL 80 MG,Demam anak,BEBAS
TAISHO,Tempra forte syr (orange) 60 ml -," 46,224 ",PARACETAMOL 250 MG,Demam anak,BEBAS
TAISHO,Tempra syr 60 60 ml -," 42,715 ",PARACETAMOL 160 MG,Demam anak,BEBAS
TAKEDA,Vitacimin sweetlets tab (anggur) 100's -," 83,307 ",VIT C 500 MG,Vitamin C,BEBAS
TAKEDA,Vitacimin sweetlets tab (lemon) 100's -," 83,307 ",VIT C 500 MG,Vitamin C,BEBAS
TAKEDA,Vitacimin sweetlets tab (orange) 100's -," 83,307 ",VIT C 500 MG,Vitamin C,BEBAS
TEMPO SCAN,Dolofen f 400 mg tab 100's -," 52,247 ",IBUPROFEN 400 MG,Nyeri,KERAS
TEMPO SCAN,Doloscaneuron tab 100's -," 82,500 ","METAMPIRON 250MG, VIT B1 50MG, VIT B6 100MG, DAN VIT B12 100MCG",Saraf,KERAS
TEMPO SCAN,Kalipar 300 mg tab 50's -," 47,242 ",POTTASIUM L-ASPARTATE 300MG,Kalium,KERAS
TEMPO SCAN,Ketoconazole 2% cr 10 gr -," 3,898 ",GENERIK TEMPO SCAN,Antijamur,KERAS
TEMPO SCAN,Laproton kaps 20's -," 45,975 ",LANSOPRAZOL 30 MG,Asam lambung,KERAS
TEMPO SCAN,Metformin 500 mg tab 500's -," 91,526 ",GENERIK TEMPO SCAN,Diabetes,KERAS
TEMPO SCAN,Metformin 850 mg tab 500's -," 120,342 ",GENERIK TEMPO SCAN,Diabetes,KERAS
TEMPO SCAN,Myori tab 100's -," 142,682 ",BISMUTH SUBSALICYILATE 375 MG,Spasme otot,KERAS
TEMPO SCAN,Salep 2-4 oint 30 gr -," 4,140 ",GENERIK TEMPO SCAN,Infeksi kulit,BEBAS
TEMPO SCAN,Scanaflam 50 mg tab 50's -," 63,101 ",KALIUM DIKLOFENAK 50 MG,Nyeri,KERAS
TEMPO SCAN,Scancox 60 mg tab 30's -," 102,375 ",ETORICOXIB 60 MG,Nyeri,KERAS
TEMPO SCAN,Scanderma cr 10 gr -," 11,975 ",BETAMETHASONE 1 MG,Infeksi kulit,KERAS
TEMPO SCAN,"Scandexon 0,5 mg tab 500's -"," 51,515 ","Scandexon 0,5 mg tab 500's",Antiinflamasi,KERAS
TEMPO SCAN,Simvastatin 10 mg tab 500's -," 67,320 ",GENERIK TEMPO SCAN,Kolesterol,KERAS
TEMPO SCAN,Simvastatin 20 mg tab 500's -," 104,362 ",GENERIK TEMPO SCAN,Kolesterol,KERAS
TEMPO SCAN,Triptagic kapt 10's -," 461,646 ",SUMATRIPTAN 100 MG,Nyeri,KERAS
TEMPO SCAN,Zinc 20 mg sulfate tab 300's -," 65,484 ",GENERIK TEMPO SCAN,Suplemen zinc,BEBAS
TIA,Femitia sensipack (tes kehamilan hcg) 1's -," 8,162 ",(tes kehamilan hcg) ,Tes kehamilan,BEBAS
TIA,Mega d 1000 mg tab 30's -," 11,599 ",VITAMIN D3 1000 IU,Vitamin D,BEBAS
TIA,Megavit z kaps 30's -," 17,344 ","L-OPTIZINC 75 MG, CHROMIUM PICOLINATE 1,04 MG, D-SALINE EXT 20 MG, VIT C 60 MG, VIT E 15 UI",Vitamin,BEBAS
TIA,Triclofem inj 20's -," 150,150 ",MEDROXYPROGESTERONE ACETATE 150 MG,Nyeri,KERAS
TRIFA,Ambroxol 30 mg tab 100's -," 10,070 ",GENERIK TRIFA,Batuk berdahak,KERAS
TRIFA,Asam folat 1000 mcg 100's -," 7,814 ",GENERIK TRIFA,Asam folat,KERAS
TRIFA,Cetirizine 10 mg tab 100's -," 8,034 ",GENERIK TRIFA,Alergi,KERAS
TRIFA,Ctm 4 mg tab box 100's -," 6,901 ",GENERIK TRIFA,Alergi,KERAS
TRIFA,Guaifenesin 100 mg 100's -," 6,611 ",GENERIK TRIFA,Batuk berdahak,BEBAS
TRIFA,Metronidazole 500 mg tab 100's -," 20,084 ",GENERIK TRIFA,Infeksi bakteri,KERAS
TRIFA,Piracetam 400 mg tab 100's -," 33,002 ",GENERIK TRIFA,Saraf,KERAS
TRIFA,Piroxicam 10 mg kaps 100's -," 10,208 ",GENERIK TRIFA,Nyeri,KERAS
TRIFA,Piroxicam 20 mg tab 100's -," 11,403 ",GENERIK TRIFA,Nyeri,KERAS
TRIFA,Talergi 10 mg tab 100's -," 10,353 ",CETIRIZINE 10 MG,Alergi,KERAS
TRIFA,Trifamol 500 mg tab 100's -," 20,341 ",GENERIK TRIFA,Demam/nyeri,KERAS
TRIFA,Vitamin b1 50 mg tab 100's -," 20,143 ",GENERIK TRIFA,Vitamin B1,BEBAS
TRIFA,Vitamin b6 10 mg 100's -," 10,668 ","BOSWELLIA SERRATA EXTR 100 MG, CURCUMA LONGA RHIZOMA EXTR 250 MG, BIOPERINE 2,5 MG, VIT K2 22,5 MCG",Vitamin B6,BEBAS
TRIMAN,Acetylcysteine 200 mg tab 100's -," 49,369 ",GENERIK TRIMAN,Batuk berdahak,KERAS
TRIMAN,Allupurinol 100 mg tab 100's -," 16,494 ","GUAIFENESIN 100 MG, DEXTROMETHORPHAN 15 MG, CTM 2 MG",Asam urat,KERAS
TRIMAN,Ambroxol 30 mg tab 100's -," 10,619 ",GENERIK TRIMAN,Batuk berdahak,KERAS
TRIMAN,Antasida doen tab 100's -," 10,695 ",GENERIK TRIMAN,Maag,BEBAS
TRIMAN,Asam mefenamat 500 mg tab 100's -," 19,469 ",GENERIK TRIMAN,Nyeri,KERAS
TRIMAN,Cetirizine 10 mg tab 100's -," 8,699 ",GENERIK TRIMAN,Alergi,KERAS
TRIMAN,Ctm 4 mg tab 100's -," 4,950 ",GENERIK TRIMAN,Alergi,KERAS
TRIMAN,Domperidone 10 mg tab 100's -," 11,700 ",LEVETIRACETAM 500 MG TAB,Mual muntah,KERAS
TRIMAN,Guaifenesin 100 mg 100's -," 8,260 ",GENERIK TRIMAN,Batuk berdahak,BEBAS
TRIMAN,Ibuprofen 400 mg tab 100's -," 21,644 ",GENERIK TRIMAN,Nyeri,KERAS
TRIMAN,Metronidazole 500 mg tab 100's -," 20,904 ",GENERIK TRIMAN,Infeksi bakteri,KERAS
TRIMAN,Paracetamol 500 mg tab 100's -," 12,869 ",GENERIK TRIMAN,Demam/nyeri,BEBAS
TRIMAN,Prednisone 5 mg tab 100's -," 11,095 ",GENERIK TRIMAN,Antiinflamasi,KERAS
TROPICA,Aprofit tab 30's -," 296,083 ",GENERIK TRIFA,Suplemen,KERAS
TROPICA,Asam mefenamat 500 mg tab 100's -," 17,949 ",GENERIK TROPICA,Nyeri,KERAS
TROPICA,Clindamycin 150 mg kaps 100's -," 57,501 ",GENERIK TROPICA,Infeksi bakteri,KERAS
TROPICA,Clindamycin 300 mg kaps 100's -," 97,752 ","FE GLUCONATE 250 MG, MANGANESE SULFATE 200 MCG, COPPER SULFATE 200 MCG, VIT E 50 MG, FOLIC ACID 1,000 MCG, VIT B12 7.5 MCG, SORBITOL 25 MG",Infeksi bakteri,KERAS
TROPICA,Colpica tab 100's -," 43,179 ","PARACETAMOL 500 MG, PSEUDOEPHEDRINE 30 MG, CTM 1 MG",Nyeri perut,KERAS
TROPICA,"Dexamethasone 0,5 mg tab 100's -"," 7,670 ",GENERIK SAMPHARINDO,Antiinflamasi,KERAS
TROPICA,Flutrop kaps 100's -," 86,109 ","PSEUDOEPHEDRINE 30 MG, TRIPOLIDINE HCI 2,5 MG",Flu/batuk,BEBAS
TROPICA,Flutrop syr 60 ml -," 6,302 ","PSEUDOEPHEDRINE 15 MG, TRIPOLIDINE HCI 1,25 MG",Flu anak,BEBAS
TROPICA,Meloxicam 15 mg tab 100's -," 14,067 ","CHONDROITIN 400 MG, GLUCOSAMINE 500 MG, MAGNESIUM 10 MG, ZINC 5 MG, VIT 50 MG, MANGANESE 0,5 MG",Nyeri,KERAS
TROPICA,Obh expectorant syr menthol (kuning) 100 ml -," 15,734 ","GLYCIYRRHIZAE SUCCUS 150 MG, AMMONIUM CHLORIDE 125 MG, GUAIFENESIN 50 MG",Batuk,BEBAS
TROPICA,Obh extra jeruk (biru) 60 ml -," 19,185 ","SUCCUS LIQUIRITIAE 150 MG, AMMONIUM CHLORIDE 75 MG, PSEUDOEPHEDRINE 7.5 MG, CTM 1 MG",Batuk,BEBAS
TROPICA,Obh extra syr menthol (hijau) 100 ml -," 16,034 ","SUCCUS LIQUIRITIAE 100 MG, AMMONIUM CHLORIDE 50 MG, PSEUDOEPHEDRINE 15 MG, CTM 1 MG",Batuk,BEBAS
TROPICA,Obh extra syr strawberry (merah) 60 ml -," 19,185 ","SUCCUS LIQUIRITIAE 150 MG, AMMONIUM CHLORIDE 75 MG, PSEUDOEPHEDRINE 7.5 MG, CTM 1 MG",Batuk,BEBAS
TROPICA,Obh plus syr jeruk (kuning) 60 ml -," 20,486 ","SUCCUS LIQUIRITAE 150 MG, PARACETAMOL 120 MG, AMMONIUM CHLORIDE 50 MG, PSEUDOEPHEDRINE 7,5 MG, CTM 1 MG",Batuk,BEBAS
TROPICA,Obh plus syr strawbeery 60 ml -," 20,486 ","SUCCUS LIQUIRITAE 150 MG, PARACETAMOL 120 MG, AMMONIUM CHLORIDE 50 MG, PSEUDOEPHEDRINE 7,5 MG, CTM 1 MG",Batuk,BEBAS
TROPICA,Pramolta syr 60 ml -," 6,848 ","PARACETAMOL 120 MG, GUAIFENESIN 25 MG, CTM 0,5 MG",Batuk,BEBAS
TROPICA,Pregabalin 75 mg kaps 100's -," 116,724 ",GENERIK TROPICA,Saraf,KERAS
TROPICA,"Pycameth 0,5 mg tab 100's -"," 8,282 ","DEXAMETASON 0,5 MG",Antiinflamasi,KERAS
TROPICA,Tropidryl exp syr 60 ml -," 6,670 ","DIFENHIDRAMIN HCI 12,5 MG, AMMONIUM CHLORIDE 125 MG, ETHANOL 0,867&",Batuk,BEBAS
TROPICA,Tropidryl plus 120 ml syr 120 ml -," 10,064 ","DIFENHIDRAMIN 12,5 MG, AMONIUM K 125 MG, NA SITRAT 50 MG, MENTHOL 1 MG, ETANOL 0,867%, DMP 10 MG",Batuk,BEBAS
TROPICA,Tropidryl plus 60 ml syr 60 ml -," 6,326 ","DIFENHIDRAMIN 12,5 MG, AMONIUM K 125 MG, NA SITRAT 50 MG, MENTHOL 1 MG, ETANOL 0,867%, DMP 10 MG",Batuk,BEBAS
TROPICA,Tropigesic 500 mg kaps 100's -," 24,633 ",PARACETAMOL 500 MG,Nyeri,BEBAS
TROPICA,Tropigesic syr 60 ml -," 5,495 ",PARACETAMOL 120 MG,Nyeri,BEBAS
TROPICA,Zultrop kaps 100's -," 36,271 ","SULFAMETHOKSAZOL 400 MG, TRIMETHOPRIM 80 MG",Batuk,KERAS
TROPICA,Zultrop syr 60 ml -," 6,309 ","SULFAMETHOKSAZOL 200 MG, TRIMETHOPRIM 40 MG",Batuk,KERAS
WIDATRA,D10 500 ml -," 8,352 ",CAIRAN,Cairan/energi,KERAS
ZENITH,Bronex tab 100's -," 18,742 ",AMBROXOL 30 MG,Batuk,KERAS
ZENITH,Coldrexin pilek demam syr (merah) 60 ml -," 5,895 ","PARACETAMOL 120 MG, PSEUDOEPHEDRINE 7,5 MG, CHLOR MALEATE 0,5 MGPSEUDOEPHEDRINE 7,5 MG",Flu/demam,BEBAS
ZENITH,Fenamin 500 mg kap 100's -," 39,878 ",ASAM MEFENAMAT 500 MG,Nyeri,KERAS
ZENITH,Flumin syr 60 ml -," 9,238 ","PARACETAMOL 125 MG, PHENYLPROPANOLAMINE 3,5 MG, CTM 0,5 MG, GUAIFENESIN 50 MG, DMP 5 MG
PARACETAMOL 300 MG, PHENYLPROPANOLAMINE 15 MG, CTM 2 MG
DMP 10 MG, SULFOGUAIACOL 25 MG, IPECACUANHAE EXTRACTUM 0,005 ML TRIMETHOPRIM 80 MG, SULFAMETHOXAZOLE 400 MG",Batuk,BEBAS
ZENITH,Primavon kapt 100's -," 29,621 ",Primavon kapt 100's,Suplemen,BEBAS
ZENITH,Flumin tab 100's -," 41,191 ",Flumin tab 100's,Batuk,BEBAS
ZENITH,Hustarex syr 60 ml -," 8,817 ",Hustarex syr 60 ml,Batuk,KERAS
ZENITH,Suprabiotic kaps 100's -," 92,170 ",TETRACYCLINE 500 MG,Infeksi bakteri,KERAS
ZENITH,Triocid syr 60 ml -," 7,304 ","MAGNESIUM HYDROXIDE 200 MG, AL HIDROKSIDA 200 MG, SIMETHICONE 20 MG",Maag,BEBAS
ZENITH,Triocid tab 100's -," 29,927 ","AL HIDROKSIDA 200MG, MG-HYDROXIDE 200MG,",Maag,BEBAS
ZENITH,Zelona 50 mg tab 100's -," 29,012 ",NATRIUM DIKLOFENAK 50 MG,Nyeri,KERAS
ZENITH,Zemoxil 500 mg kapt 100's -," 54,505 ",AMOXICILLIN 500 MG,Infeksi bakteri,KERAS
ZENITH,Zemoxil syr 60 ml -," 5,486 ",AMOXICILLIN 125 MG,Infeksi bakteri,KERAS
ZENITH,Zengesic tab 100's -," 34,835 ","PARACETAMOL 350 MG, IBUPROFEN 200 MG",Nyeri,KERAS
ZENITH,Zenicardo 5 mg tab 100's -," 17,203 ",AMLODIPINE 5 MG,Hipertensi,KERAS
ZENITH,Zenicol 500 mg kapt 100's -," 110,395 ",THIAMPHENICOL 500 MG,Infeksi bakteri,KERAS
ZENITH,Zenirex syr  60 ml -," 7,187 ","PROMETHAZINE HCI 5 MG, IPECACUANHAE EXTRACTUM 4 MG, GUAIFENESIN 50 MG",Batuk,KERAS
ZENITH,Zensoderm cream 10 gr -," 6,372 ","BETAMETHASONE VALERATE 1 MG, GENTAMICIN SULFATE 1 MG",Infeksi kulit,KERAS
ZENITH,Zeprazol 20 mg kaps 100's -," 44,884 ",OMEPRAZOLE 20 MG,Asam lambung,KERAS